{"elements":[{"from":[6.135866,16.648342,6.8201056],"to":[9.566891,29.4138,10.251131],"rotation":{"angle":0.0,"axis":"y","origin":[-0.48601246,23.693378,39.472027]},"faces":{"east":{"uv":[6.25,1.125,7.0,3.875],"rotation":0,"texture":"#0","tintindex":0},"south":{"uv":[1.375,6.25,2.125,9.0],"rotation":0,"texture":"#0","tintindex":0},"north":{"uv":[5.5,1.125,6.25,3.875],"rotation":0,"texture":"#0","tintindex":0},"west":{"uv":[2.125,6.25,2.875,9.0],"rotation":0,"texture":"#0","tintindex":0},"up":{"uv":[9.875,5.875,9.125,5.125],"rotation":0,"texture":"#0","tintindex":0},"down":{"uv":[7.125,9.25,6.375,10.0],"rotation":0,"texture":"#0","tintindex":0}}},{"from":[6.135866,18.934055,10.248677],"to":[9.566891,24.84237,13.679703],"rotation":{"angle":0.0,"axis":"y","origin":[-0.48601246,23.693378,39.472027]},"faces":{"east":{"uv":[7.625,8.0,8.375,9.25],"rotation":0,"texture":"#0","tintindex":0},"south":{"uv":[8.125,0.0,8.875,1.25],"rotation":0,"texture":"#0","tintindex":0},"north":{"uv":[6.875,8.0,7.625,9.25],"rotation":0,"texture":"#0","tintindex":0},"west":{"uv":[8.125,1.25,8.875,2.5],"rotation":0,"texture":"#0","tintindex":0},"up":{"uv":[7.875,10.0,7.125,9.25],"rotation":0,"texture":"#0","tintindex":0},"down":{"uv":[9.75,9.25,9.0,10.0],"rotation":0,"texture":"#0","tintindex":0}}},{"from":[6.135866,18.934055,3.3915339],"to":[9.566891,24.84237,6.8225594],"rotation":{"angle":0.0,"axis":"y","origin":[-0.48601246,23.693378,39.472027]},"faces":{"east":{"uv":[2.875,8.25,3.625,9.5],"rotation":0,"texture":"#0","tintindex":0},"south":{"uv":[8.375,3.75,9.125,5.0],"rotation":0,"texture":"#0","tintindex":0},"north":{"uv":[8.125,2.5,8.875,3.75],"rotation":0,"texture":"#0","tintindex":0},"west":{"uv":[8.375,5.0,9.125,6.25],"rotation":0,"texture":"#0","tintindex":0},"up":{"uv":[10.125,2.5,9.375,1.75],"rotation":0,"texture":"#0","tintindex":0},"down":{"uv":[3.5,9.5,2.75,10.25],"rotation":0,"texture":"#0","tintindex":0}}},{"from":[6.9000216,14.963697,1.9682527],"to":[9.044413,20.110235,14.690002],"rotation":{"angle":0.0,"axis":"y","origin":[8.029401,7.6164336,8.279402]},"faces":{"east":{"uv":[1.375,3.25,4.125,4.375],"rotation":0,"texture":"#0","tintindex":0},"south":{"uv":[7.875,9.25,8.375,10.375],"rotation":0,"texture":"#0","tintindex":0},"north":{"uv":[0.5,9.25,1.0,10.375],"rotation":0,"texture":"#0","tintindex":0},"west":{"uv":[4.125,0.0,6.875,1.125],"rotation":0,"texture":"#0","tintindex":0},"up":{"uv":[1.0,9.25,0.5,6.5],"rotation":0,"texture":"#0","tintindex":0},"down":{"uv":[4.25,6.875,3.75,9.625],"rotation":0,"texture":"#0","tintindex":0}}},{"from":[6.2146344,14.960518,8.512925],"to":[10.301229,18.962563,13.45932],"rotation":{"angle":-45.0,"axis":"x","origin":[8.029401,6.473576,8.279402]},"faces":{"east":{"uv":[6.875,0.0,8.0,0.875],"rotation":0,"texture":"#0","tintindex":0},"south":{"uv":[5.5,8.75,6.375,9.625],"rotation":0,"texture":"#0","tintindex":0},"north":{"uv":[5.5,3.875,6.375,4.75],"rotation":0,"texture":"#0","tintindex":0},"west":{"uv":[7.0,0.875,8.125,1.75],"rotation":0,"texture":"#0","tintindex":0},"up":{"uv":[7.875,2.875,7.0,1.75],"rotation":0,"texture":"#0","tintindex":0},"down":{"uv":[8.125,2.875,7.25,4.0],"rotation":0,"texture":"#0","tintindex":0}}},{"from":[6.2146344,14.954254,3.1057477],"to":[10.301229,18.956299,8.052142],"rotation":{"angle":45.0,"axis":"x","origin":[8.029401,6.473576,8.279402]},"faces":{"east":{"uv":[7.25,4.0,8.375,4.875],"rotation":0,"texture":"#0","tintindex":0},"south":{"uv":[8.875,0.875,9.75,1.75],"rotation":0,"texture":"#0","tintindex":0},"north":{"uv":[8.875,0.0,9.75,0.875],"rotation":0,"texture":"#0","tintindex":0},"west":{"uv":[7.25,4.875,8.375,5.75],"rotation":0,"texture":"#0","tintindex":0},"up":{"uv":[8.375,6.875,7.5,5.75],"rotation":0,"texture":"#0","tintindex":0},"down":{"uv":[8.375,6.875,7.5,8.0],"rotation":0,"texture":"#0","tintindex":0}}},{"from":[6.6717777,17.784126,6.8499064],"to":[9.729799,22.357601,9.96773],"rotation":{"angle":45.0,"axis":"x","origin":[8.029401,9.30345,11.109275]},"faces":{"east":{"uv":[2.125,9.0,2.75,10.0],"rotation":0,"texture":"#0","tintindex":0},"south":{"uv":[9.0,6.25,9.625,7.25],"rotation":0,"texture":"#0","tintindex":0},"north":{"uv":[1.5,9.0,2.125,10.0],"rotation":0,"texture":"#0","tintindex":0},"west":{"uv":[9.0,7.25,9.625,8.25],"rotation":0,"texture":"#0","tintindex":0},"up":{"uv":[10.375,0.625,9.75,0.0],"rotation":0,"texture":"#0","tintindex":0},"down":{"uv":[10.375,0.625,9.75,1.25],"rotation":0,"texture":"#0","tintindex":0}}},{"from":[6.6717777,17.79039,6.597338],"to":[9.729799,22.363865,9.715161],"rotation":{"angle":-45.0,"axis":"x","origin":[8.029401,9.30345,5.4495287]},"faces":{"east":{"uv":[8.375,9.0,9.0,10.0],"rotation":0,"texture":"#0","tintindex":0},"south":{"uv":[9.125,3.125,9.75,4.125],"rotation":0,"texture":"#0","tintindex":0},"north":{"uv":[9.0,8.25,9.625,9.25],"rotation":0,"texture":"#0","tintindex":0},"west":{"uv":[9.125,4.125,9.75,5.125],"rotation":0,"texture":"#0","tintindex":0},"up":{"uv":[10.375,3.625,9.75,3.0],"rotation":0,"texture":"#0","tintindex":0},"down":{"uv":[10.375,3.625,9.75,4.25],"rotation":0,"texture":"#0","tintindex":0}}},{"from":[6.843206,7.531946,8.512925],"to":[9.444085,16.10542,14.602177],"rotation":{"angle":-45.0,"axis":"x","origin":[8.029401,3.6164331,8.279402]},"faces":{"east":{"uv":[4.125,1.125,5.5,3.0],"rotation":0,"texture":"#0","tintindex":0},"south":{"uv":[4.875,6.875,5.5,8.75],"rotation":0,"texture":"#0","tintindex":0},"north":{"uv":[4.25,6.875,4.875,8.75],"rotation":0,"texture":"#0","tintindex":0},"west":{"uv":[4.125,3.0,5.5,4.875],"rotation":0,"texture":"#0","tintindex":0},"up":{"uv":[9.0,7.625,8.375,6.25],"rotation":0,"texture":"#0","tintindex":0},"down":{"uv":[9.0,7.625,8.375,9.0],"rotation":0,"texture":"#0","tintindex":0}}},{"from":[6.843206,7.525682,1.9628901],"to":[9.444085,16.099155,8.052142],"rotation":{"angle":45.0,"axis":"x","origin":[8.029401,3.6164331,8.279402]},"faces":{"east":{"uv":[1.375,4.375,2.75,6.25],"rotation":0,"texture":"#0","tintindex":0},"south":{"uv":[6.875,5.875,7.5,7.75],"rotation":0,"texture":"#0","tintindex":0},"north":{"uv":[5.5,6.875,6.125,8.75],"rotation":0,"texture":"#0","tintindex":0},"west":{"uv":[2.75,4.375,4.125,6.25],"rotation":0,"texture":"#0","tintindex":0},"up":{"uv":[4.875,10.125,4.25,8.75],"rotation":0,"texture":"#0","tintindex":0},"down":{"uv":[5.5,8.75,4.875,10.125],"rotation":0,"texture":"#0","tintindex":0}}},{"from":[6.2146344,5.563537,6.4528255],"to":[9.958534,7.7651114,8.6544],"rotation":{"angle":-45.0,"axis":"x","origin":[8.029401,7.6164336,8.279402]},"faces":{"east":{"uv":[3.75,9.625,4.25,10.125],"rotation":0,"texture":"#0","tintindex":0},"south":{"uv":[5.5,9.625,6.375,10.125],"rotation":0,"texture":"#0","tintindex":0},"north":{"uv":[9.375,2.5,10.25,3.0],"rotation":0,"texture":"#0","tintindex":0},"west":{"uv":[0.0,9.75,0.5,10.25],"rotation":0,"texture":"#0","tintindex":0},"up":{"uv":[10.5,6.375,9.625,5.875],"rotation":0,"texture":"#0","tintindex":0},"down":{"uv":[10.5,6.375,9.625,6.875],"rotation":0,"texture":"#0","tintindex":0}}},{"from":[6.2146344,8.765827,9.655115],"to":[9.958534,10.9674015,11.856689],"rotation":{"angle":-45.0,"axis":"x","origin":[8.029401,7.6164336,8.279402]},"faces":{"east":{"uv":[9.75,1.25,10.25,1.75],"rotation":0,"texture":"#0","tintindex":0},"south":{"uv":[9.625,7.375,10.5,7.875],"rotation":0,"texture":"#0","tintindex":0},"north":{"uv":[9.625,6.875,10.5,7.375],"rotation":0,"texture":"#0","tintindex":0},"west":{"uv":[9.75,4.25,10.25,4.75],"rotation":0,"texture":"#0","tintindex":0},"up":{"uv":[10.5,8.375,9.625,7.875],"rotation":0,"texture":"#0","tintindex":0},"down":{"uv":[10.5,8.375,9.625,8.875],"rotation":0,"texture":"#0","tintindex":0}}},{"from":[6.2146344,-0.33100605,-1.4259567],"to":[9.387106,1.8705673,0.7756176],"rotation":{"angle":-45.0,"axis":"x","origin":[8.029401,9.550462,8.4006195]},"faces":{"east":{"uv":[3.75,9.625,4.25,10.125],"rotation":0,"texture":"#0","tintindex":0},"south":{"uv":[5.5,9.625,6.375,10.125],"rotation":0,"texture":"#0","tintindex":0},