{"elements":[{"from":[7.457143,3.813715,4.672857],"to":[8.582857,4.898286,5.5859995],"rotation":{"angle":45.0,"axis":"z","origin":[7.928571,4.3560004,4.8722854]},"faces":{"east":{"uv":[9.75,8.0,9.9375,8.25],"rotation":0,"texture":"#1","tintindex":0},"south":{"uv":[7.875,5.25,8.125,5.5],"rotation":0,"texture":"#1","tintindex":0},"north":{"uv":[7.375,2.375,7.625,2.625],"rotation":0,"texture":"#1","tintindex":0},"west":{"uv":[9.75,8.25,9.9375,8.5],"rotation":0,"texture":"#1","tintindex":0},"up":{"uv":[10.0,8.6875,9.75,8.5],"rotation":0,"texture":"#1","tintindex":0},"down":{"uv":[10.0,8.75,9.75,8.9375],"rotation":0,"texture":"#1","tintindex":0}}},{"from":[6.253714,4.226857,5.3471427],"to":[9.769143,7.9965715,8.474],"rotation":{"angle":0.0,"axis":"y","origin":[8.114285,-2.9714298,6.1142855]},"faces":{"east":{"uv":[4.0,6.0,4.6875,6.8125],"rotation":0,"texture":"#1","tintindex":0},"south":{"uv":[0.75,6.0,1.5,6.8125],"rotation":0,"texture":"#1","tintindex":0},"north":{"uv":[0.0,6.0,0.75,6.8125],"rotation":0,"texture":"#1","tintindex":0},"west":{"uv":[6.25,2.625,6.9375,3.4375],"rotation":0,"texture":"#1","tintindex":0},"up":{"uv":[7.25,4.1875,6.5,3.5],"rotation":0,"texture":"#1","tintindex":0},"down":{"uv":[5.5,6.5,4.75,7.1875],"rotation":0,"texture":"#1","tintindex":0}}},{"from":[5.8308573,3.7582855,4.935714],"to":[8.889143,5.1965714,9.091143],"rotation":{"angle":-22.5,"axis":"z","origin":[7.36,4.7402854,6.910571]},"faces":{"east":{"uv":[6.0,8.25,6.9375,8.5625],"rotation":0,"texture":"#1","tintindex":0},"south":{"uv":[9.0,8.5,9.6875,8.8125],"rotation":0,"texture":"#1","tintindex":0},"north":{"uv":[9.0,8.125,9.6875,8.4375],"rotation":0,"texture":"#1","tintindex":0},"west":{"uv":[1.0,8.375,1.9375,8.6875],"rotation":0,"texture":"#1","tintindex":0},"up":{"uv":[6.1875,3.5625,5.5,2.625],"rotation":0,"texture":"#1","tintindex":0},"down":{"uv":[6.4375,0.0,5.75,0.9375],"rotation":0,"texture":"#1","tintindex":0}}},{"from":[7.202286,3.8154283,4.935714],"to":[10.2605715,5.253714,9.091143],"rotation":{"angle":22.5,"axis":"z","origin":[8.731428,4.7402854,6.910571]},"faces":{"east":{"uv":[8.25,0.75,9.1875,1.0625],"rotation":0,"texture":"#1","tintindex":0},"south":{"uv":[9.0,5.25,9.6875,5.5625],"rotation":0,"texture":"#1","tintindex":0},"north":{"uv":[3.75,1.875,4.4375,2.1875],"rotation":0,"texture":"#1","tintindex":0},"west":{"uv":[5.0,8.25,5.9375,8.5625],"rotation":0,"texture":"#1","tintindex":0},"up":{"uv":[3.3125,6.3125,2.625,5.375],"rotation":0,"texture":"#1","tintindex":0},"down":{"uv":[6.1875,1.625,5.5,2.5625],"rotation":0,"texture":"#1","tintindex":0}}}],"textures":{"1":"modelengine:entity/general_medievalsoldier_gm"},"display":{"head":{"translation":[0.0,-6.4,0.0],"scale":[4.0,4.0,4.0]}}}