{"elements":[{"from":[-2.7714577,6.6571426,3.539009],"to":[15.114258,8.942857,7.539009],"rotation":{"angle":0.0,"axis":"y","origin":[-8.085743,2.6571422,22.681866]},"faces":{"east":{"uv":[3.6875,12.625,4.125,12.875],"rotation":0,"texture":"#0","tintindex":0},"south":{"uv":[11.625,3.8125,13.5625,4.0625],"rotation":0,"texture":"#0","tintindex":0},"north":{"uv":[13.8125,5.5625,11.875,5.8125],"rotation":0,"texture":"#0","tintindex":0},"west":{"uv":[11.3125,3.0,11.75,3.25],"rotation":0,"texture":"#0","tintindex":0},"up":{"uv":[9.9375,7.0,11.875,6.5625],"rotation":0,"texture":"#0","tintindex":0},"down":{"uv":[9.9375,7.0,11.875,7.4375],"rotation":0,"texture":"#0","tintindex":0}}},{"from":[14.685713,6.6571426,-0.6154232],"to":[32.0,8.942857,3.3845768],"rotation":{"angle":22.5,"axis":"y","origin":[25.342855,8.0,4.384577]},"faces":{"east":{"uv":[9.375,13.6875,9.8125,13.9375],"rotation":0,"texture":"#0","tintindex":0},"south":{"uv":[10.625,2.75,12.9375,3.0],"rotation":0,"texture":"#0","tintindex":0},"north":{"uv":[12.9375,3.0,10.625,3.25],"rotation":0,"texture":"#0","tintindex":0},"west":{"uv":[13.6875,9.4375,14.125,9.6875],"rotation":0,"texture":"#0","tintindex":0},"up":{"uv":[8.3125,5.25,10.625,4.8125],"rotation":0,"texture":"#0","tintindex":0},"down":{"uv":[8.3125,5.25,10.625,5.6875],"rotation":0,"texture":"#0","tintindex":0}}},{"from":[11.257141,8.2,2.8131485],"to":[32.0,8.2,28.470291],"rotation":{"angle":22.5,"axis":"y","origin":[25.342855,8.0,4.384577]},"faces":{"east":{"uv":[0.0,0.0,1.625,0.0],"rotation":0,"texture":"#0","tintindex":0},"south":{"uv":[0.0,0.0,2.6875,0.0],"rotation":0,"texture":"#0","tintindex":0},"north":{"uv":[0.0,0.0,2.6875,0.0],"rotation":0,"texture":"#0","tintindex":0},"west":{"uv":[0.0,0.0,1.625,0.0],"rotation":0,"texture":"#0","tintindex":0},"up":{"uv":[6.5625,1.625,3.875,0.0],"rotation":0,"texture":"#0","tintindex":0},"down":{"uv":[6.5625,0.0,3.875,1.625],"rotation":0,"texture":"#0","tintindex":0}}},{"from":[-2.7714577,8.2,6.967581],"to":[16.828543,8.2,29.767582],"rotation":{"angle":0.0,"axis":"y","origin":[-8.085743,2.6571422,22.681866]},"faces":{"east":{"uv":[0.0,0.0,1.625,0.0],"rotation":0,"texture":"#0","tintindex":0},"south":{"uv":[0.0,0.0,1.9375,0.0],"rotation":0,"texture":"#0","tintindex":0},"north":{"uv":[0.0,0.0,1.9375,0.0],"rotation":0,"texture":"#0","tintindex":0},"west":{"uv":[0.0,0.0,1.625,0.0],"rotation":0,"texture":"#0","tintindex":0},"up":{"uv":[1.9375,6.875,0.0,5.25],"rotation":0,"texture":"#0","tintindex":0},"down":{"uv":[1.9375,5.25,0.0,6.875],"rotation":0,"texture":"#0","tintindex":0}}}],"textures":{"0":"modelengine:entity/stormdragongeneral_gm"},"display":{"head":{"translation":[40.319046,-6.4,0.0],"scale":[4.0,4.0,4.0]}}}