{"elements":[{"from":[0.8857441,6.6571426,3.539009],"to":[18.77146,8.942857,7.539009],"rotation":{"angle":0.0,"axis":"y","origin":[27.57146,2.6571422,22.681866]},"faces":{"east":{"uv":[12.25,3.0,12.5625,3.25],"rotation":0,"texture":"#0","tintindex":0},"south":{"uv":[11.875,5.8125,13.8125,6.0625],"rotation":0,"texture":"#0","tintindex":0},"north":{"uv":[11.875,5.5625,13.8125,5.8125],"rotation":0,"texture":"#0","tintindex":0},"west":{"uv":[13.6875,13.3125,14.125,13.5625],"rotation":0,"texture":"#0","tintindex":0},"up":{"uv":[11.875,7.0,9.9375,6.5625],"rotation":0,"texture":"#0","tintindex":0},"down":{"uv":[11.875,7.0,9.9375,7.4375],"rotation":0,"texture":"#0","tintindex":0}}},{"from":[-16.0,6.6571426,-0.6154232],"to":[1.3142872,8.942857,3.3845768],"rotation":{"angle":-22.5,"axis":"y","origin":[-9.342855,8.0,4.384577]},"faces":{"east":{"uv":[13.6875,13.5625,14.125,13.8125],"rotation":0,"texture":"#0","tintindex":0},"south":{"uv":[10.625,5.0625,12.9375,5.3125],"rotation":0,"texture":"#0","tintindex":0},"north":{"uv":[10.625,3.0,12.9375,3.25],"rotation":0,"texture":"#0","tintindex":0},"west":{"uv":[13.75,0.0,14.1875,0.25],"rotation":0,"texture":"#0","tintindex":0},"up":{"uv":[10.625,5.25,8.3125,4.8125],"rotation":0,"texture":"#0","tintindex":0},"down":{"uv":[10.625,5.25,8.3125,5.6875],"rotation":0,"texture":"#0","tintindex":0}}},{"from":[-16.0,8.2,2.8131485],"to":[4.74286,8.2,28.470291],"rotation":{"angle":-22.5,"axis":"y","origin":[-9.342855,8.0,4.384577]},"faces":{"east":{"uv":[0.0,0.0,1.625,0.0],"rotation":0,"texture":"#0","tintindex":0},"south":{"uv":[0.0,0.0,2.6875,0.0],"rotation":0,"texture":"#0","tintindex":0},"north":{"uv":[0.0,0.0,2.6875,0.0],"rotation":0,"texture":"#0","tintindex":0},"west":{"uv":[0.0,0.0,1.625,0.0],"rotation":0,"texture":"#0","tintindex":0},"up":{"uv":[3.875,1.625,6.5625,0.0],"rotation":0,"texture":"#0","tintindex":0},"down":{"uv":[3.875,0.0,6.5625,1.625],"rotation":0,"texture":"#0","tintindex":0}}},{"from":[-0.8285427,8.2,6.967581],"to":[18.77146,8.2,29.767582],"rotation":{"angle":0.0,"axis":"y","origin":[27.57146,2.6571422,22.681866]},"faces":{"east":{"uv":[0.0,0.0,1.625,0.0],"rotation":0,"texture":"#0","tintindex":0},"south":{"uv":[0.0,0.0,1.9375,0.0],"rotation":0,"texture":"#0","tintindex":0},"north":{"uv":[0.0,0.0,1.9375,0.0],"rotation":0,"texture":"#0","tintindex":0},"west":{"uv":[0.0,0.0,1.625,0.0],"rotation":0,"texture":"#0","tintindex":0},"up":{"uv":[0.0,6.875,1.9375,5.25],"rotation":0,"texture":"#0","tintindex":0},"down":{"uv":[0.0,5.25,1.9375,6.875],"rotation":0,"texture":"#0","tintindex":0}}}],"textures":{"0":"modelengine:entity/stormdragongeneral_gm"},"display":{"head":{"translation":[-38.49048,-6.4,0.0],"scale":[4.0,4.0,4.0]}}}