{"elements":[{"from":[6.8243876,7.4999433,6.770571],"to":[7.878673,9.125657,10.635143],"rotation":{"angle":0.0,"axis":"y","origin":[8.494388,13.455658,8.102858]},"faces":{"east":{"uv":[7.875,6.875,8.75,7.25],"rotation":0,"texture":"#1","tintindex":0},"south":{"uv":[9.5,0.75,9.75,1.125],"rotation":0,"texture":"#1","tintindex":0},"north":{"uv":[2.375,8.5,2.625,8.875],"rotation":0,"texture":"#1","tintindex":0},"west":{"uv":[8.125,5.25,9.0,5.625],"rotation":0,"texture":"#1","tintindex":0},"up":{"uv":[3.5,5.375,3.25,4.5],"rotation":0,"texture":"#1","tintindex":0},"down":{"uv":[3.625,8.875,3.375,9.75],"rotation":0,"texture":"#1","tintindex":0}}},{"from":[6.8243876,5.785657,-10.143715],"to":[7.878673,10.839943,6.863714],"rotation":{"angle":0.0,"axis":"y","origin":[8.494388,13.455658,8.102858]},"faces":{"east":{"uv":[0.0,0.0,3.75,1.125],"rotation":0,"texture":"#1","tintindex":0},"south":{"uv":[3.625,8.125,3.875,9.25],"rotation":0,"texture":"#1","tintindex":0},"north":{"uv":[3.25,6.375,3.5,7.5],"rotation":0,"texture":"#1","tintindex":0},"west":{"uv":[3.75,0.0,0.0,1.125],"rotation":0,"texture":"#1","tintindex":0},"up":{"uv":[3.75,8.125,3.5,4.375],"rotation":0,"texture":"#1","tintindex":0},"down":{"uv":[4.0,4.375,3.75,8.125],"rotation":0,"texture":"#1","tintindex":0}}},{"from":[6.938673,6.3570857,-12.772287],"to":[7.8215303,10.268515,-10.050571],"rotation":{"angle":0.0,"axis":"y","origin":[8.494388,13.455658,8.102858]},"faces":{"east":{"uv":[2.625,6.375,3.25,7.25],"rotation":0,"texture":"#1","tintindex":0},"south":{"uv":[2.125,9.375,2.3125,10.25],"rotation":0,"texture":"#1","tintindex":0},"north":{"uv":[1.875,9.375,2.0625,10.25],"rotation":0,"texture":"#1","tintindex":0},"west":{"uv":[3.25,6.375,2.625,7.25],"rotation":0,"texture":"#1","tintindex":0},"up":{"uv":[1.3125,7.5,1.125,6.875],"rotation":0,"texture":"#1","tintindex":0},"down":{"uv":[3.3125,7.5,3.125,8.125],"rotation":0,"texture":"#1","tintindex":0}}}],"textures":{"1":"modelengine:entity/general_medievalsoldier_gm"},"display":{"head":{"translation":[0.0,-6.4,0.0],"scale":[4.0,4.0,4.0]}}}