{"elements":[{"from":[4.8,4.8571424,0.28571415],"to":[11.257143,8.857143,7.714286],"rotation":{"angle":0.0,"axis":"y","origin":[8.057143,6.5714283,17.142857]},"faces":{"east":{"uv":[13.25,11.4375,12.4375,11.875],"rotation":0,"texture":"#0","tintindex":0},"south":{"uv":[7.9375,12.8125,8.625,13.25],"rotation":0,"texture":"#0","tintindex":0},"north":{"uv":[12.8125,2.25,13.5,2.6875],"rotation":0,"texture":"#0","tintindex":0},"west":{"uv":[12.4375,11.4375,13.25,11.875],"rotation":0,"texture":"#0","tintindex":0},"up":{"uv":[2.4375,11.5,1.75,10.6875],"rotation":0,"texture":"#0","tintindex":0},"down":{"uv":[3.125,10.6875,2.4375,11.5],"rotation":0,"texture":"#0","tintindex":0}}},{"from":[5.3714285,8.285714,-0.2857151],"to":[6.1142855,9.428572,0.85714245],"rotation":{"angle":-22.5,"axis":"x","origin":[5.1714287,9.428572,0.85714245]},"faces":{"east":{"uv":[3.75,6.875,3.875,7.0],"rotation":0,"texture":"#0","tintindex":0},"south":{"uv":[9.625,4.25,9.6875,4.375],"rotation":0,"texture":"#0","tintindex":0},"north":{"uv":[8.5,5.6875,8.5625,5.8125],"rotation":0,"texture":"#0","tintindex":0},"west":{"uv":[3.75,7.0,3.875,7.125],"rotation":0,"texture":"#0","tintindex":0},"up":{"uv":[0.8125,10.1875,0.75,10.0625],"rotation":0,"texture":"#0","tintindex":0},"down":{"uv":[8.375,10.3125,8.3125,10.4375],"rotation":0,"texture":"#0","tintindex":0}}},{"from":[6.5142856,8.285714,-0.2857151],"to":[7.257143,9.428572,0.85714245],"rotation":{"angle":-22.5,"axis":"x","origin":[5.1714287,9.428572,0.85714245]},"faces":{"east":{"uv":[3.75,7.125,3.875,7.25],"rotation":0,"texture":"#0","tintindex":0},"south":{"uv":[0.5625,10.9375,0.625,11.0625],"rotation":0,"texture":"#0","tintindex":0},"north":{"uv":[3.5,10.5,3.5625,10.625],"rotation":0,"texture":"#0","tintindex":0},"west":{"uv":[3.75,7.25,3.875,7.375],"rotation":0,"texture":"#0","tintindex":0},"up":{"uv":[0.625,11.1875,0.5625,11.0625],"rotation":0,"texture":"#0","tintindex":0},"down":{"uv":[0.625,11.1875,0.5625,11.3125],"rotation":0,"texture":"#0","tintindex":0}}},{"from":[8.8,8.285714,-0.2857151],"to":[9.542857,9.428572,0.85714245],"rotation":{"angle":-22.5,"axis":"x","origin":[5.1714287,9.428572,0.85714245]},"faces":{"east":{"uv":[3.75,7.375,3.875,7.5],"rotation":0,"texture":"#0","tintindex":0},"south":{"uv":[11.25,1.5,11.3125,1.625],"rotation":0,"texture":"#0","tintindex":0},"north":{"uv":[9.6875,11.1875,9.75,11.3125],"rotation":0,"texture":"#0","tintindex":0},"west":{"uv":[3.75,7.5,3.875,7.625],"rotation":0,"texture":"#0","tintindex":0},"up":{"uv":[11.3125,1.75,11.25,1.625],"rotation":0,"texture":"#0","tintindex":0},"down":{"uv":[11.3125,1.75,11.25,1.875],"rotation":0,"texture":"#0","tintindex":0}}},{"from":[9.942858,8.285714,-0.2857151],"to":[10.685715,9.428572,0.85714245],"rotation":{"angle":-22.5,"axis":"x","origin":[5.1714287,9.428572,0.85714245]},"faces":{"east":{"uv":[3.75,7.625,3.875,7.75],"rotation":0,"texture":"#0","tintindex":0},"south":{"uv":[0.5625,11.4375,0.625,11.5625],"rotation":0,"texture":"#0","tintindex":0},"north":{"uv":[0.5625,11.3125,0.625,11.4375],"rotation":0,"texture":"#0","tintindex":0},"west":{"uv":[3.75,7.75,3.875,7.875],"rotation":0,"texture":"#0","tintindex":0},"up":{"uv":[0.625,11.6875,0.5625,11.5625],"rotation":0,"texture":"#0","tintindex":0},"down":{"uv":[1.75,11.75,1.6875,11.875],"rotation":0,"texture":"#0","tintindex":0}}},{"from":[7.6571426,8.285714,-0.2857151],"to":[8.4,9.428572,0.85714245],"rotation":{"angle":-22.5,"axis":"x","origin":[5.1714287,9.428572,0.85714245]},"faces":{"east":{"uv":[3.75,7.875,3.875,8.0],"rotation":0,"texture":"#0","tintindex":0},"south":{"uv":[11.75,5.5625,11.8125,5.6875],"rotation":0,"texture":"#0","tintindex":0},"north":{"uv":[11.75,4.0625,11.8125,4.1875],"rotation":0,"texture":"#0","tintindex":0},"west":{"uv":[3.75,8.0,3.875,8.125],"rotation":0,"texture":"#0","tintindex":0},"up":{"uv":[6.25,11.875,6.1875,11.75],"rotation":0,"texture":"#0","tintindex":0},"down":{"uv":[6.3125,11.75,6.25,11.875],"rotation":0,"texture":"#0","tintindex":0}}},{"from":[4.5714283,8.195136,1.5602522],"to":[5.3142858,9.337993,2.7031097],"rotation":{"angle":22.5,"axis":"z","origin":[5.1714287,8.766564,2.131681]},"faces":{"east":{"uv":[3.5625,9.375,3.6875,9.5],"rotation":0,"texture":"#0","tintindex":0},"south":{"uv":[10.875,11.75,10.9375,11.875],"rotation":0,"texture":"#0","tintindex":0},"north":{"uv":[11.75,9.125,11.8125,9.25],"rotation":0,"texture":"#0","tintindex":0},"west":{"uv":[9.5,4.25,9.625,4.375],"rotation":0,"texture":"#0","tintindex":0},"up":{"uv":[11.875,4.1875,11.8125,4.0625],"rotation":0,"texture":"#0","tintindex":0},"down":{"uv":[11.875,5.5625,11.8125,5.6875],"rotation":0,"texture":"#0","tintindex":0}}},{"from":[4.5714283,8.195136,3.274538],"to":[5.3142858,9.337993,4.4173956],"rotation":{"angle":22.5,"axis":"z","origin":[5.1714287,8.766564,2.131681]},"faces":{"east":{"uv":[0.625,10.0625,0.75,10.1875],"rotation":0,"texture":"#0","tintindex":0},"south":{"uv":[1.6875,11.875,1.75,12.0],"rotation":0,"texture":"#0","tintindex":0},"north":{"uv":[11.8125,9.125,11.875,9.25],"rotation":0,"texture":"#0","tintindex":0},"west":{"uv":[3.375,10.5,3.5,10.625],"rotation":0,"texture":"#0","tintindex":0},"up":{"uv":[11.9375,4.1875,11.875,4.0625],"rotation":0,"texture":"#0","tintindex":0},"down":{"uv":[6.25,11.875,6.1875,12.0],"rotation":0,"texture":"#0","tintindex":0}}},{"from":[4.5714283,8.195136,4.988824],"to":[5.3142858,9.337993,6.7031097],"rotation":{"angle":22.5,"axis":"z","origin":[5.1714287,8.766564,2.131681]},"faces":{"east":{"uv":[7.375,6.375,7.5625,6.5],"rotation":0,"texture":"#0","tintindex":0},"south":{"uv":[11.875,8.1875,11.9375,8.3125],"rotation":0,"texture":"#0","tintindex":0},"north":{"uv":[6.25,11.875,6.3125,12.0],"rotation":0,"texture":"#0","tintindex":0},"west":{"uv":[7.5625,6.375,7.75,6.5],"rotation":0,"texture":"#0","tintindex":0},"up":{"uv":[7.75,6.0,7.6875,5.8125],"rotation":0,"texture":"#0","tintindex":0},"down":{"uv":[7.75,6.0,7.6875,6.1875],"rotation":0,"texture":"#0","tintindex":0}}},{"from":[10.303113,10.507666,1.5602522],"to":[11.045971,11.650522,2.7031097],"rotation":{"angle":-22.5,"axis":"z","origin":[4.9602556,8.679093,3.988824]},"faces":{"east":{"uv":[10.625,5.5625,10.75,5.6875],"rotation":0,"texture":"#0","tintindex":0},"south":{"uv":[10.875,11.875,10.9375,12.0],"rotation":0,"texture":"#0","tintindex":0},"north":{"uv":[11.875,9.125,11.9375,9.25],"rotation":0,"texture":"#0","tintindex":0},"west":{"uv":[10.75,5.5625,10.875,5.6875],"rotation":0,"texture":"#0","tintindex":0},"up":{"uv":[12.0,4.1875,11.9375,4.0625],"rotation":0,"texture":"#0","tintindex":0},"down":{"uv":[1.75,12.0,1.6875,12.125],"rotation":0,"texture":"#0","tintindex":0}}},{"from":[10.303113,10.507666,3.274538],"to":[11.045971,11.650522,4.4173956],"rotation":{"angle":-22.5,"axis":"z","origin":[4.9602556,8.679093,3.988824]},"faces":{"east":{"uv":[10.875,5.5625,11.0,5.6875],"rotation":0,"texture":"#0","tintindex":0},"south":{"uv":[12.0,4.875,12.0625,5.0],"rotation":0,"texture":"#0","tintindex":0},"north":{"uv":[12.0,4.0625,12.0625,4.1875],"rotation":0,"texture":"#0","tintindex":0},"west":{"uv":[11.0,5.5625,11.125,5.6875],"rotation":0,"texture":"#0","tintindex":0},"up":{"uv":[6.25,12.125,6.1875,12.0],"rotation":0,"texture":"#0","tintindex":0},"down":{"uv":[6.3125,12.0,6.25,12.125],"rotation":0,"texture":"#0","tintindex":0}}},{"from":[10.303113,10.507666,4.988824],"to":[11.045971,11.650522,6.7031097],"rotation":{"angle":-22.5,"axis":"z","origin":[4.9602556,8.679093,3.988824]},"faces":{"east":{"uv":[8.3125,5.6875,8.5,5.8125],"rotation":0,"texture":"#0","tintindex":0},"south":{"uv":[12.0625,4.875,12.125,5.0],"rotation":0,"texture":"#0","tintindex":0},"north":{"uv":[12.0625,4.0625,12.125,4.1875],"rotation":0,"texture":"#0","tintindex":0},"west":{"uv":[8.5625,2.3125,8.75,2.4375],"rotation":0,"texture":"#0","tintindex":0},"up":{"uv":[7.75,6.375,7.6875,6.1875],"rotation":0,"texture":"#0","tintindex":0},"down":{"uv":[7.75,8.125,7.6875,8.3125],"rotation":0,"texture":"#0",