{"elements":[{"from":[7.0571427,5.3714285,6.857143],"to":[8.942857,8.228572,9.142858],"rotation":{"angle":0.0,"axis":"y","origin":[-0.54285717,34.51429,8.057143]},"faces":{"east":{"uv":[14.0625,3.6875,14.3125,4.0],"rotation":0,"texture":"#0","tintindex":0},"south":{"uv":[9.4375,12.875,9.625,13.1875],"rotation":0,"texture":"#0","tintindex":0},"north":{"uv":[11.9375,1.1875,12.125,1.5],"rotation":0,"texture":"#0","tintindex":0},"west":{"uv":[3.75,14.0625,4.0,14.375],"rotation":0,"texture":"#0","tintindex":0},"up":{"uv":[14.0625,14.5,13.875,14.25],"rotation":0,"texture":"#0","tintindex":0},"down":{"uv":[14.5,0.25,14.3125,0.5],"rotation":0,"texture":"#0","tintindex":0}}},{"from":[4.3714285,0.5714283,8.0],"to":[10.257143,6.857143,8.0],"rotation":{"angle":0.0,"axis":"y","origin":[10.742858,-4.6285725,6.285714]},"faces":{"east":{"uv":[0.0,0.0,0.0,0.5],"rotation":0,"texture":"#0","tintindex":0},"south":{"uv":[13.6875,9.375,13.25,9.875],"rotation":0,"texture":"#0","tintindex":0},"north":{"uv":[13.25,9.375,13.6875,9.875],"rotation":0,"texture":"#0","tintindex":0},"west":{"uv":[0.0,0.0,0.0,0.5],"rotation":0,"texture":"#0","tintindex":0},"up":{"uv":[0.4375,0.0,0.0,0.0],"rotation":180,"texture":"#0","tintindex":0},"down":{"uv":[0.4375,0.0,0.0,0.0],"rotation":180,"texture":"#0","tintindex":0}}}],"textures":{"0":"modelengine:entity/stormdragongeneral_gm"},"display":{"head":{"translation":[0.0,-6.4,0.0],"scale":[4.0,4.0,4.0]}}}