{"elements":[{"from":[7.0571427,5.3714285,6.857143],"to":[8.942857,8.228572,9.142858],"rotation":{"angle":0.0,"axis":"y","origin":[-0.54285717,34.51429,2.342857]},"faces":{"east":{"uv":[5.0,14.0625,5.25,14.375],"rotation":0,"texture":"#0","tintindex":0},"south":{"uv":[3.5625,14.1875,3.75,14.5],"rotation":0,"texture":"#0","tintindex":0},"north":{"uv":[2.625,14.1875,2.8125,14.5],"rotation":0,"texture":"#0","tintindex":0},"west":{"uv":[5.25,14.0625,5.5,14.375],"rotation":0,"texture":"#0","tintindex":0},"up":{"uv":[1.0,14.5625,0.8125,14.3125],"rotation":0,"texture":"#0","tintindex":0},"down":{"uv":[1.1875,14.3125,1.0,14.5625],"rotation":0,"texture":"#0","tintindex":0}}},{"from":[4.3714285,0.5714283,8.0],"to":[10.257143,6.857143,8.0],"rotation":{"angle":0.0,"axis":"y","origin":[10.742858,-4.6285725,0.5714283]},"faces":{"east":{"uv":[0.0,0.0,0.0,0.5],"rotation":0,"texture":"#0","tintindex":0},"south":{"uv":[13.6875,9.375,13.25,9.875],"rotation":0,"texture":"#0","tintindex":0},"north":{"uv":[13.25,9.375,13.6875,9.875],"rotation":0,"texture":"#0","tintindex":0},"west":{"uv":[0.0,0.0,0.0,0.5],"rotation":0,"texture":"#0","tintindex":0},"up":{"uv":[0.4375,0.0,0.0,0.0],"rotation":180,"texture":"#0","tintindex":0},"down":{"uv":[0.4375,0.0,0.0,0.0],"rotation":180,"texture":"#0","tintindex":0}}}],"textures":{"0":"modelengine:entity/stormdragongeneral_gm"},"display":{"head":{"translation":[0.0,-6.4,0.0],"scale":[4.0,4.0,4.0]}}}