{"elements":[{"from":[7.0571427,5.0857143,6.857143],"to":[8.942857,7.9428573,9.142858],"rotation":{"angle":0.0,"axis":"y","origin":[15.685715,34.228573,8.0]},"faces":{"east":{"uv":[12.0,14.0625,12.25,14.375],"rotation":0,"texture":"#0","tintindex":0},"south":{"uv":[14.25,11.3125,14.4375,11.625],"rotation":0,"texture":"#0","tintindex":0},"north":{"uv":[14.25,10.375,14.4375,10.6875],"rotation":0,"texture":"#0","tintindex":0},"west":{"uv":[14.0625,13.8125,14.3125,14.125],"rotation":0,"texture":"#0","tintindex":0},"up":{"uv":[14.5625,3.3125,14.375,3.0625],"rotation":0,"texture":"#0","tintindex":0},"down":{"uv":[14.5625,3.3125,14.375,3.5625],"rotation":0,"texture":"#0","tintindex":0}}},{"from":[5.9142857,0.34285688,8.0],"to":[11.8,6.6285715,8.0],"rotation":{"angle":0.0,"axis":"y","origin":[15.685715,34.228573,8.0]},"faces":{"east":{"uv":[0.0,0.0,0.0,0.5],"rotation":0,"texture":"#0","tintindex":0},"south":{"uv":[13.25,9.375,13.6875,9.875],"rotation":0,"texture":"#0","tintindex":0},"north":{"uv":[13.6875,9.375,13.25,9.875],"rotation":0,"texture":"#0","tintindex":0},"west":{"uv":[0.0,0.0,0.0,0.5],"rotation":0,"texture":"#0","tintindex":0},"up":{"uv":[0.4375,0.0,0.0,0.0],"rotation":0,"texture":"#0","tintindex":0},"down":{"uv":[0.4375,0.0,0.0,0.0],"rotation":0,"texture":"#0","tintindex":0}}}],"textures":{"0":"modelengine:entity/stormdragongeneral_gm"},"display":{"head":{"translation":[0.0,-6.4,0.0],"scale":[4.0,4.0,4.0]}}}