{"elements":[{"from":[7.1,6.7714286,5.885714],"to":[8.985714,9.228572,8.171429],"rotation":{"angle":0.0,"axis":"y","origin":[19.842857,35.51429,7.028571]},"faces":{"east":{"uv":[14.1875,7.0,14.4375,7.25],"rotation":0,"texture":"#0","tintindex":0},"south":{"uv":[14.3125,1.25,14.5,1.5],"rotation":0,"texture":"#0","tintindex":0},"north":{"uv":[1.1875,14.3125,1.375,14.5625],"rotation":0,"texture":"#0","tintindex":0},"west":{"uv":[14.1875,7.875,14.4375,8.125],"rotation":0,"texture":"#0","tintindex":0},"up":{"uv":[1.5625,14.5625,1.375,14.3125],"rotation":0,"texture":"#0","tintindex":0},"down":{"uv":[2.0625,14.3125,1.875,14.5625],"rotation":0,"texture":"#0","tintindex":0}}},{"from":[4.242857,8.028572,0.85714245],"to":[10.1285715,8.028572,7.142857],"rotation":{"angle":0.0,"axis":"y","origin":[9.471429,3.3428574,-5.6000013]},"faces":{"east":{"uv":[0.0,0.0,0.0,0.5],"rotation":270,"texture":"#0","tintindex":0},"south":{"uv":[0.4375,0.0,0.0,0.0],"rotation":180,"texture":"#0","tintindex":0},"north":{"uv":[0.4375,0.0,0.0,0.0],"rotation":0,"texture":"#0","tintindex":0},"west":{"uv":[0.0,0.0,0.0,0.5],"rotation":90,"texture":"#0","tintindex":0},"up":{"uv":[13.25,9.375,13.6875,9.875],"rotation":180,"texture":"#0","tintindex":0},"down":{"uv":[13.6875,9.375,13.25,9.875],"rotation":0,"texture":"#0","tintindex":0}}}],"textures":{"0":"modelengine:entity/stormdragongeneral_gm"},"display":{"head":{"translation":[0.0,-6.4,0.0],"scale":[4.0,4.0,4.0]}}}