{"elements":[{"from":[7.1,6.7714286,6.0571427],"to":[8.985714,9.228572,8.342857],"rotation":{"angle":0.0,"axis":"y","origin":[15.728571,35.51429,7.2]},"faces":{"east":{"uv":[14.1875,8.625,14.4375,8.875],"rotation":0,"texture":"#0","tintindex":0},"south":{"uv":[14.3125,13.75,14.5,14.0],"rotation":0,"texture":"#0","tintindex":0},"north":{"uv":[11.8125,14.3125,12.0,14.5625],"rotation":0,"texture":"#0","tintindex":0},"west":{"uv":[14.1875,9.8125,14.4375,10.0625],"rotation":0,"texture":"#0","tintindex":0},"up":{"uv":[14.5,14.25,14.3125,14.0],"rotation":0,"texture":"#0","tintindex":0},"down":{"uv":[14.5,14.25,14.3125,14.5],"rotation":0,"texture":"#0","tintindex":0}}},{"from":[6.0142856,7.914286,1.6571422],"to":[11.9,7.914286,7.9428573],"rotation":{"angle":0.0,"axis":"y","origin":[16.87143,6.771429,4.5142856]},"faces":{"east":{"uv":[0.0,0.0,0.0,0.5],"rotation":270,"texture":"#0","tintindex":0},"south":{"uv":[0.4375,0.0,0.0,0.0],"rotation":0,"texture":"#0","tintindex":0},"north":{"uv":[0.4375,0.0,0.0,0.0],"rotation":180,"texture":"#0","tintindex":0},"west":{"uv":[0.0,0.0,0.0,0.5],"rotation":90,"texture":"#0","tintindex":0},"up":{"uv":[13.6875,9.375,13.25,9.875],"rotation":180,"texture":"#0","tintindex":0},"down":{"uv":[13.25,9.375,13.6875,9.875],"rotation":0,"texture":"#0","tintindex":0}}}],"textures":{"0":"modelengine:entity/stormdragongeneral_gm"},"display":{"head":{"translation":[0.0,-6.4,0.0],"scale":[4.0,4.0,4.0]}}}