{"elements":[{"from":[7.0571427,5.142857,6.857143],"to":[8.942857,8.0,9.142858],"rotation":{"angle":0.0,"axis":"y","origin":[15.685715,34.285713,5.142857]},"faces":{"east":{"uv":[9.6875,14.0625,9.9375,14.375],"rotation":0,"texture":"#0","tintindex":0},"south":{"uv":[14.25,10.0625,14.4375,10.375],"rotation":0,"texture":"#0","tintindex":0},"north":{"uv":[14.25,8.875,14.4375,9.1875],"rotation":0,"texture":"#0","tintindex":0},"west":{"uv":[9.9375,14.0625,10.1875,14.375],"rotation":0,"texture":"#0","tintindex":0},"up":{"uv":[14.5625,3.0625,14.375,2.8125],"rotation":0,"texture":"#0","tintindex":0},"down":{"uv":[3.1875,14.375,3.0,14.625],"rotation":0,"texture":"#0","tintindex":0}}},{"from":[5.9142857,0.39999962,8.0],"to":[11.8,6.6857142,8.0],"rotation":{"angle":0.0,"axis":"y","origin":[15.685715,34.285713,2.2857141]},"faces":{"east":{"uv":[0.0,0.0,0.0,0.5],"rotation":0,"texture":"#0","tintindex":0},"south":{"uv":[13.25,9.375,13.6875,9.875],"rotation":0,"texture":"#0","tintindex":0},"north":{"uv":[13.6875,9.375,13.25,9.875],"rotation":0,"texture":"#0","tintindex":0},"west":{"uv":[0.0,0.0,0.0,0.5],"rotation":0,"texture":"#0","tintindex":0},"up":{"uv":[0.4375,0.0,0.0,0.0],"rotation":0,"texture":"#0","tintindex":0},"down":{"uv":[0.4375,0.0,0.0,0.0],"rotation":0,"texture":"#0","tintindex":0}}}],"textures":{"0":"modelengine:entity/stormdragongeneral_gm"},"display":{"head":{"translation":[0.0,-6.4,0.0],"scale":[4.0,4.0,4.0]}}}