{"elements":[{"from":[7.4374285,4.4756002,7.0624914],"to":[9.727143,7.8338857,9.076777],"rotation":{"angle":0.0,"axis":"y","origin":[5.2225714,-5.4552574,7.1362057]},"faces":{"east":{"uv":[2.625,8.125,3.0625,8.875],"rotation":0,"texture":"#1","tintindex":0},"south":{"uv":[7.75,0.0,8.25,0.75],"rotation":0,"texture":"#1","tintindex":0},"north":{"uv":[7.625,7.25,8.125,8.0],"rotation":0,"texture":"#1","tintindex":0},"west":{"uv":[3.125,8.125,3.5625,8.875],"rotation":0,"texture":"#1","tintindex":0},"up":{"uv":[9.375,9.3125,8.875,8.875],"rotation":0,"texture":"#1","tintindex":0},"down":{"uv":[5.25,9.0,4.75,9.4375],"rotation":0,"texture":"#1","tintindex":0}}},{"from":[6.0265713,6.172743,6.508777],"to":[10.509429,8.941315,9.630491],"rotation":{"angle":22.5,"axis":"z","origin":[8.839429,7.557029,8.069634]},"faces":{"east":{"uv":[7.125,4.25,7.8125,4.875],"rotation":0,"texture":"#1","tintindex":0},"south":{"uv":[5.875,5.875,6.875,6.5],"rotation":0,"texture":"#1","tintindex":0},"north":{"uv":[4.875,5.875,5.875,6.5],"rotation":0,"texture":"#1","tintindex":0},"west":{"uv":[7.125,4.875,7.8125,5.5],"rotation":0,"texture":"#1","tintindex":0},"up":{"uv":[6.0,5.0625,5.0,4.375],"rotation":0,"texture":"#1","tintindex":0},"down":{"uv":[6.0,5.125,5.0,5.8125],"rotation":0,"texture":"#1","tintindex":0}}},{"from":[10.472673,7.5003815,6.7373486],"to":[12.669817,8.554667,9.459063],"rotation":{"angle":22.5,"axis":"z","origin":[9.28553,7.1703815,8.069634]},"faces":{"east":{"uv":[8.625,6.0,9.25,6.25],"rotation":0,"texture":"#1","tintindex":0},"south":{"uv":[9.375,5.0,9.875,5.25],"rotation":0,"texture":"#1","tintindex":0},"north":{"uv":[9.375,4.75,9.875,5.0],"rotation":0,"texture":"#1","tintindex":0},"west":{"uv":[9.25,6.0,9.875,6.25],"rotation":0,"texture":"#1","tintindex":0},"up":{"uv":[8.625,7.875,8.125,7.25],"rotation":0,"texture":"#1","tintindex":0},"down":{"uv":[8.625,7.875,8.125,8.5],"rotation":0,"texture":"#1","tintindex":0}}}],"textures":{"1":"modelengine:entity/general_medievalsoldier_gm"},"display":{"head":{"translation":[0.0,-6.4,0.0],"scale":[4.0,4.0,4.0]}}}