{"elements":[{"from":[3.6235223,5.193119,0.68017006],"to":[12.366381,10.335977,9.251598],"rotation":{"angle":0.0,"axis":"y","origin":[8.023522,6.3359766,9.537313]},"faces":{"east":{"uv":[10.9375,11.5,11.875,12.0625],"rotation":0,"texture":"#0","tintindex":0},"south":{"uv":[11.625,3.25,12.5625,3.8125],"rotation":0,"texture":"#0","tintindex":0},"north":{"uv":[11.3125,2.1875,12.25,2.75],"rotation":0,"texture":"#0","tintindex":0},"west":{"uv":[11.875,11.5,10.9375,12.0625],"rotation":0,"texture":"#0","tintindex":0},"up":{"uv":[9.6875,4.25,8.75,3.3125],"rotation":0,"texture":"#0","tintindex":0},"down":{"uv":[7.25,9.5625,6.3125,10.5],"rotation":0,"texture":"#0","tintindex":0}}},{"from":[5.909237,6.3359766,-1.0341158],"to":[10.080666,8.621691,5.251599],"rotation":{"angle":0.0,"axis":"y","origin":[8.023522,4.050262,12.394457]},"faces":{"east":{"uv":[12.125,4.8125,12.8125,5.0625],"rotation":0,"texture":"#0","tintindex":0},"south":{"uv":[13.8125,2.0,14.25,2.25],"rotation":0,"texture":"#0","tintindex":0},"north":{"uv":[13.8125,1.75,14.25,2.0],"rotation":0,"texture":"#0","tintindex":0},"west":{"uv":[12.5625,5.3125,13.25,5.5625],"rotation":0,"texture":"#0","tintindex":0},"up":{"uv":[9.75,11.1875,9.3125,10.5],"rotation":0,"texture":"#0","tintindex":0},"down":{"uv":[4.9375,11.0,4.5,11.6875],"rotation":0,"texture":"#0","tintindex":0}}},{"from":[11.052094,4.050262,4.1087418],"to":[14.080666,8.050262,9.251598],"rotation":{"angle":0.0,"axis":"y","origin":[8.023522,6.3359766,9.537313]},"faces":{"east":{"uv":[12.9375,10.3125,13.5,10.75],"rotation":0,"texture":"#0","tintindex":0},"south":{"uv":[2.25,12.1875,2.5625,12.625],"rotation":0,"texture":"#0","tintindex":0},"north":{"uv":[11.3125,9.5,11.625,9.9375],"rotation":0,"texture":"#0","tintindex":0},"west":{"uv":[10.5625,12.9375,11.125,13.375],"rotation":0,"texture":"#0","tintindex":0},"up":{"uv":[7.6875,6.375,7.375,5.8125],"rotation":0,"texture":"#0","tintindex":0},"down":{"uv":[8.625,13.25,8.3125,13.8125],"rotation":0,"texture":"#0","tintindex":0}}},{"from":[1.9092364,4.050262,4.1087418],"to":[4.937808,8.050262,9.251598],"rotation":{"angle":0.0,"axis":"y","origin":[8.023522,6.3359766,9.537313]},"faces":{"east":{"uv":[11.125,12.9375,11.6875,13.375],"rotation":0,"texture":"#0","tintindex":0},"south":{"uv":[0.0,13.6875,0.3125,14.125],"rotation":0,"texture":"#0","tintindex":0},"north":{"uv":[12.0,13.625,12.3125,14.0625],"rotation":0,"texture":"#0","tintindex":0},"west":{"uv":[13.5,10.3125,12.9375,10.75],"rotation":0,"texture":"#0","tintindex":0},"up":{"uv":[12.0,14.0,11.6875,13.4375],"rotation":0,"texture":"#0","tintindex":0},"down":{"uv":[7.4375,13.5,7.125,14.0625],"rotation":0,"texture":"#0","tintindex":0}}},{"from":[4.7663794,9.193119,-4.4626875],"to":[11.223523,12.050262,2.9658842],"rotation":{"angle":0.0,"axis":"y","origin":[7.9949512,10.050262,-0.74840164]},"faces":{"east":{"uv":[13.75,0.0,12.9375,0.3125],"rotation":0,"texture":"#0","tintindex":0},"south":{"uv":[13.25,7.6875,13.9375,8.0],"rotation":0,"texture":"#0","tintindex":0},"north":{"uv":[13.125,12.1875,13.8125,12.5],"rotation":0,"texture":"#0","tintindex":0},"west":{"uv":[12.9375,0.0,13.75,0.3125],"rotation":0,"texture":"#0","tintindex":0},"up":{"uv":[5.625,11.75,4.9375,10.9375],"rotation":0,"texture":"#0","tintindex":0},"down":{"uv":[6.3125,10.9375,5.625,11.75],"rotation":0,"texture":"#0","tintindex":0}}},{"from":[6.76638,12.513054,2.3478665],"to":[9.223522,16.513054,9.205009],"rotation":{"angle":-22.5,"axis":"x","origin":[7.9949512,10.798768,12.347867]},"faces":{"east":{"uv":[2.25,12.6875,3.0,13.125],"rotation":0,"texture":"#0","tintindex":0},"south":{"uv":[4.25,13.8125,4.5,14.25],"rotation":0,"texture":"#0","tintindex":0},"north":{"uv":[13.3125,13.75,13.5625,14.1875],"rotation":0,"texture":"#0","tintindex":0},"west":{"uv":[12.8125,0.5,13.5625,0.9375],"rotation":0,"texture":"#0","tintindex":0},"up":{"uv":[9.3125,12.1875,9.0625,11.4375],"rotation":0,"texture":"#0","tintindex":0},"down":{"uv":[6.6875,12.9375,6.4375,13.6875],"rotation":0,"texture":"#0","tintindex":0}}},{"from":[4.517503,9.764548,-3.6258497],"to":[7.374646,12.621691,4.9455795],"rotation":{"angle":-22.5,"axis":"y","origin":[5.9460745,11.193119,0.6598649]},"faces":{"east":{"uv":[12.8125,12.625,13.75,12.9375],"rotation":0,"texture":"#0","tintindex":0},"south":{"uv":[13.9375,12.9375,14.25,13.25],"rotation":0,"texture":"#0","tintindex":0},"north":{"uv":[10.5625,11.75,10.875,12.0625],"rotation":0,"texture":"#0","tintindex":0},"west":{"uv":[0.0,12.875,0.9375,13.1875],"rotation":0,"texture":"#0","tintindex":0},"up":{"uv":[7.4375,13.5,7.125,12.5625],"rotation":0,"texture":"#0","tintindex":0},"down":{"uv":[10.3125,12.5625,10.0,13.5],"rotation":0,"texture":"#0","tintindex":0}}},{"from":[8.558113,9.764548,-3.6258497],"to":[11.4152565,12.621691,4.9455795],"rotation":{"angle":22.5,"axis":"y","origin":[9.986685,11.193119,0.6598649]},"faces":{"east":{"uv":[0.9375,12.875,0.0,13.1875],"rotation":0,"texture":"#0","tintindex":0},"south":{"uv":[0.8125,14.0,1.125,14.3125],"rotation":0,"texture":"#0","tintindex":0},"north":{"uv":[14.0,0.6875,14.3125,1.0],"rotation":0,"texture":"#0","tintindex":0},"west":{"uv":[3.6875,12.875,4.625,13.1875],"rotation":0,"texture":"#0","tintindex":0},"up":{"uv":[8.9375,13.5625,8.625,12.625],"rotation":0,"texture":"#0","tintindex":0},"down":{"uv":[5.9375,12.75,5.625,13.6875],"rotation":0,"texture":"#0","tintindex":0}}},{"from":[7.6235228,9.314739,-5.122466],"to":[8.36638,10.457597,-3.9796095],"rotation":{"angle":22.5,"axis":"x","origin":[7.9949512,8.800453,-5.293895]},"faces":{"east":{"uv":[7.8125,11.0625,7.9375,11.1875],"rotation":0,"texture":"#0","tintindex":0},"south":{"uv":[12.125,1.9375,12.1875,2.0625],"rotation":0,"texture":"#0","tintindex":0},"north":{"uv":[11.8125,12.0625,11.875,12.1875],"rotation":0,"texture":"#0","tintindex":0},"west":{"uv":[11.125,5.5625,11.25,5.6875],"rotation":0,"texture":"#0","tintindex":0},"up":{"uv":[12.1875,2.1875,12.125,2.0625],"rotation":0,"texture":"#0","tintindex":0},"down":{"uv":[6.25,12.125,6.1875,12.25],"rotation":0,"texture":"#0","tintindex":0}}},{"from":[9.909237,9.314739,-5.122466],"to":[10.652094,10.457597,-3.9796095],"rotation":{"angle":22.5,"axis":"x","origin":[7.9949512,8.800453,-5.293895]},"faces":{"east":{"uv":[7.8125,11.1875,7.9375,11.3125],"rotation":0,"texture":"#0","tintindex":0},"south":{"uv":[8.5,12.125,8.5625,12.25],"rotation":0,"texture":"#0","tintindex":0},"north":{"uv":[6.25,12.125,6.3125,12.25],"rotation":0,"texture":"#0","tintindex":0},"west":{"uv":[9.5625,11.1875,9.6875,11.3125],"rotation":0,"texture":"#0","tintindex":0},"up":{"uv":[8.625,12.25,8.5625,12.125],"rotation":0,"texture":"#0","tintindex":0},"down":{"uv":[1.1875,12.1875,1.125,12.3125],"rotation":0,"texture":"#0","tintindex":0}}},{"from":[8.766379,9.314739,-5.122466],"to":[9.509237,10.457597,-3.9796095],"rotation":{"angle":22.5,"axis":"x","origin":[7.9949512,8.800453,-5.293895]},"faces":{"east":{"uv":[11.25,5.5625,11.375,5.6875],"rotation":0,"texture":"#0","tintindex":0},"south":{"uv":[12.1875,2.0625,12.25,2.1875],"rotation":0,"texture":"#0","tintindex":0},"north":{"uv":[12.1875,1.9375,12.25,2.0625],"rotation":0,"texture":"#0","tintindex":0},"west":{"uv":[11.25,9.125,11.375,9.25],"rotation":0,"texture":"#0","tintindex":0},"up":{"uv":[5.6875,12.3125,5.625,12.1875],"rotation":0,"texture":"#0","tintindex":0},"down":{"uv":[12.3125,2.625,12.25,2.75],"rotation":0,"texture":"#0","tintindex":0}}},{"from":[6.480665,9.314739,-5.122466],"to":[7.2235227,10.457597,-3.9796095],"rotation":{"angle":22.5,"axis":"x","origin":[7.9949512,8.800453,-5.293895]},"faces":{"east":{"uv":[7.8125,11.3125,7.9375,11.4375],"rotation":0,"texture":"#0","tintindex":0},"south":{"uv":[8.5625,12.25,8.625,12.375],"rotation":0,"texture":"#0","tintindex":0},"north":{"uv":[8.5,12.25,8.5625,12.375],"rotation":0,"texture":"#0","tintindex":0},"west":{"uv":[11.375,5.5625,11.5,5.6875],"rotation":0,"texture":"#0","tintindex":0},"up":{"uv":[1.1875,12.4375,1.125,12.3125],"rotation":0,"texture":"#0","tintindex":0},