{"elements":[{"from":[5.0866666,5.6827264,6.704762],"to":[10.898095,9.797012,17.733334],"rotation":{"angle":0.0,"axis":"y","origin":[8.018095,5.6827264,11.076191]},"faces":{"east":{"uv":[1.1875,11.75,0.0,12.1875],"rotation":0,"texture":"#0","tintindex":0},"south":{"uv":[7.9375,12.375,8.5,12.8125],"rotation":0,"texture":"#0","tintindex":0},"north":{"uv":[3.125,8.3125,3.75,8.75],"rotation":0,"texture":"#0","tintindex":0},"west":{"uv":[0.0,11.75,1.1875,12.1875],"rotation":0,"texture":"#0","tintindex":0},"up":{"uv":[5.5625,10.875,5.0,9.6875],"rotation":0,"texture":"#0","tintindex":0},"down":{"uv":[10.5625,8.3125,9.9375,9.5],"rotation":0,"texture":"#0","tintindex":0}}},{"from":[5.9609523,3.6255836,6.704762],"to":[10.075238,7.7398696,17.733334],"rotation":{"angle":45.0,"axis":"z","origin":[8.018095,5.6827264,11.076191]},"faces":{"east":{"uv":[4.5,11.75,5.6875,12.1875],"rotation":0,"texture":"#0","tintindex":0},"south":{"uv":[13.4375,4.5625,13.875,5.0],"rotation":0,"texture":"#0","tintindex":0},"north":{"uv":[13.4375,2.6875,13.875,3.125],"rotation":0,"texture":"#0","tintindex":0},"west":{"uv":[11.75,10.5,12.9375,10.9375],"rotation":0,"texture":"#0","tintindex":0},"up":{"uv":[9.0625,12.625,8.625,11.4375],"rotation":0,"texture":"#0","tintindex":0},"down":{"uv":[3.0,11.5,2.5625,12.6875],"rotation":0,"texture":"#0","tintindex":0}}},{"from":[6.7609525,9.434547,12.990477],"to":[9.218096,11.720262,16.990477],"rotation":{"angle":0.0,"axis":"y","origin":[8.018095,6.0059752,1.847619]},"faces":{"east":{"uv":[3.3125,13.9375,3.75,14.1875],"rotation":0,"texture":"#0","tintindex":0},"south":{"uv":[10.6875,14.1875,10.9375,14.4375],"rotation":0,"texture":"#0","tintindex":0},"north":{"uv":[10.4375,14.1875,10.6875,14.4375],"rotation":0,"texture":"#0","tintindex":0},"west":{"uv":[13.9375,4.875,14.375,5.125],"rotation":0,"texture":"#0","tintindex":0},"up":{"uv":[14.1875,6.9375,13.9375,6.5],"rotation":0,"texture":"#0","tintindex":0},"down":{"uv":[14.1875,6.9375,13.9375,7.375],"rotation":0,"texture":"#0","tintindex":0}}},{"from":[6.7609525,9.434547,7.847619],"to":[9.218096,11.720262,11.847619],"rotation":{"angle":0.0,"axis":"y","origin":[8.018095,6.0059752,1.847619]},"faces":{"east":{"uv":[13.875,4.625,14.3125,4.875],"rotation":0,"texture":"#0","tintindex":0},"south":{"uv":[3.3125,14.1875,3.5625,14.4375],"rotation":0,"texture":"#0","tintindex":0},"north":{"uv":[2.375,14.1875,2.625,14.4375],"rotation":0,"texture":"#0","tintindex":0},"west":{"uv":[2.375,13.9375,2.8125,14.1875],"rotation":0,"texture":"#0","tintindex":0},"up":{"uv":[3.0625,14.375,2.8125,13.9375],"rotation":0,"texture":"#0","tintindex":0},"down":{"uv":[3.3125,13.9375,3.0625,14.375],"rotation":0,"texture":"#0","tintindex":0}}}],"textures":{"0":"modelengine:entity/stormdragongeneral_gm"},"display":{"head":{"translation":[0.0,-6.4,0.0],"scale":[4.0,4.0,4.0]}}}