{"elements":[{"from":[4.765714,6.6602798,0.42795324],"to":[11.222857,11.231709,8.427954],"rotation":{"angle":0.0,"axis":"y","origin":[8.022857,6.6602798,5.285096]},"faces":{"east":{"uv":[11.9375,0.6875,12.8125,1.1875],"rotation":0,"texture":"#0","tintindex":0},"south":{"uv":[12.5625,9.5,13.25,10.0],"rotation":0,"texture":"#0","tintindex":0},"north":{"uv":[12.5625,3.25,13.25,3.75],"rotation":0,"texture":"#0","tintindex":0},"west":{"uv":[11.9375,8.1875,12.8125,8.6875],"rotation":0,"texture":"#0","tintindex":0},"up":{"uv":[11.3125,2.75,10.625,1.875],"rotation":0,"texture":"#0","tintindex":0},"down":{"uv":[11.3125,4.1875,10.625,5.0625],"rotation":0,"texture":"#0","tintindex":0}}},{"from":[5.7371426,4.3745656,0.42795324],"to":[10.308572,8.945994,8.427954],"rotation":{"angle":45.0,"axis":"z","origin":[8.022857,6.6602798,5.285096]},"faces":{"east":{"uv":[11.9375,8.6875,12.8125,9.1875],"rotation":0,"texture":"#0","tintindex":0},"south":{"uv":[12.9375,2.6875,13.4375,3.1875],"rotation":0,"texture":"#0","tintindex":0},"north":{"uv":[8.9375,12.875,9.4375,13.375],"rotation":0,"texture":"#0","tintindex":0},"west":{"uv":[12.0625,0.0,12.9375,0.5],"rotation":0,"texture":"#0","tintindex":0},"up":{"uv":[11.0625,12.9375,10.5625,12.0625],"rotation":0,"texture":"#0","tintindex":0},"down":{"uv":[11.5625,12.0625,11.0625,12.9375],"rotation":0,"texture":"#0","tintindex":0}}},{"from":[6.765714,9.980215,2.667078],"to":[9.222857,12.265929,6.6670785],"rotation":{"angle":-22.5,"axis":"x","origin":[7.9942856,11.123072,4.6670785]},"faces":{"east":{"uv":[13.75,8.75,14.1875,9.0],"rotation":0,"texture":"#0","tintindex":0},"south":{"uv":[8.5,14.125,8.75,14.375],"rotation":0,"texture":"#0","tintindex":0},"north":{"uv":[14.125,3.4375,14.375,3.6875],"rotation":0,"texture":"#0","tintindex":0},"west":{"uv":[13.75,9.9375,14.1875,10.1875],"rotation":0,"texture":"#0","tintindex":0},"up":{"uv":[11.25,14.1875,11.0,13.75],"rotation":0,"texture":"#0","tintindex":0},"down":{"uv":[11.5,13.75,11.25,14.1875],"rotation":0,"texture":"#0","tintindex":0}}},{"from":[3.337143,9.408786,2.667078],"to":[5.794286,12.265929,6.6670785],"rotation":{"angle":45.0,"axis":"z","origin":[4.565714,11.123072,4.6670785]},"faces":{"east":{"uv":[2.125,13.625,2.5625,13.9375],"rotation":0,"texture":"#0","tintindex":0},"south":{"uv":[14.0,1.0,14.25,1.3125],"rotation":0,"texture":"#0","tintindex":0},"north":{"uv":[6.75,12.25,7.0,12.5625],"rotation":0,"texture":"#0","tintindex":0},"west":{"uv":[2.5625,13.625,3.0,13.9375],"rotation":0,"texture":"#0","tintindex":0},"up":{"uv":[14.0,12.9375,13.75,12.5],"rotation":0,"texture":"#0","tintindex":0},"down":{"uv":[12.8125,13.75,12.5625,14.1875],"rotation":0,"texture":"#0","tintindex":0}}},{"from":[10.194286,9.408786,2.667078],"to":[12.651429,12.265929,6.6670785],"rotation":{"angle":-45.0,"axis":"z","origin":[11.422857,11.123072,4.6670785]},"faces":{"east":{"uv":[3.0,13.625,3.4375,13.9375],"rotation":0,"texture":"#0","tintindex":0},"south":{"uv":[1.375,14.0,1.625,14.3125],"rotation":0,"texture":"#0","tintindex":0},"north":{"uv":[1.125,14.0,1.375,14.3125],"rotation":0,"texture":"#0","tintindex":0},"west":{"uv":[13.625,4.0625,14.0625,4.375],"rotation":0,"texture":"#0","tintindex":0},"up":{"uv":[13.0625,14.1875,12.8125,13.75],"rotation":0,"texture":"#0","tintindex":0},"down":{"uv":[13.3125,13.75,13.0625,14.1875],"rotation":0,"texture":"#0","tintindex":0}}}],"textures":{"0":"modelengine:entity/stormdragongeneral_gm"},"display":{"head":{"translation":[0.0,-6.4,0.0],"scale":[4.0,4.0,4.0]}}}