{"elements":[{"from":[5.785143,7.9756165,6.151749],"to":[10.214857,11.877331,10.37575],"rotation":{"angle":0.0,"axis":"y","origin":[8.0,-6.4209557,7.3303204]},"faces":{"east":{"uv":[4.5,1.875,5.4375,2.75],"rotation":0,"texture":"#1","tintindex":0},"south":{"uv":[4.0,4.375,5.0,5.25],"rotation":0,"texture":"#1","tintindex":0},"north":{"uv":[3.75,1.0,4.75,1.875],"rotation":0,"texture":"#1","tintindex":0},"west":{"uv":[2.25,4.5,3.1875,5.375],"rotation":0,"texture":"#1","tintindex":0},"up":{"uv":[4.5,4.3125,3.5,3.375],"rotation":0,"texture":"#1","tintindex":0},"down":{"uv":[4.75,0.0,3.75,0.9375],"rotation":0,"texture":"#1","tintindex":0}}},{"from":[6.9474998,12.723087,5.983821],"to":[9.0525,14.828088,5.983821],"rotation":{"angle":22.5,"axis":"x","origin":[8.0,12.517723,7.236353]},"faces":{"east":{"uv":[0.0,0.0,0.0,0.4375],"rotation":0,"texture":"#1","tintindex":0},"south":{"uv":[9.25,6.625,9.6875,7.0625],"rotation":0,"texture":"#1","tintindex":0},"north":{"uv":[9.25,1.75,9.6875,2.1875],"rotation":0,"texture":"#1","tintindex":0},"west":{"uv":[0.0,0.0,0.0,0.4375],"rotation":0,"texture":"#1","tintindex":0},"up":{"uv":[0.4375,0.0,0.0,0.0],"rotation":0,"texture":"#1","tintindex":0},"down":{"uv":[0.4375,0.0,0.0,0.0],"rotation":0,"texture":"#1","tintindex":0}}},{"from":[6.9474998,14.172898,5.1950254],"to":[9.0525,16.698898,5.1950254],"rotation":{"angle":45.0,"axis":"x","origin":[8.0,12.517723,7.236353]},"faces":{"east":{"uv":[0.0,0.0,0.0,0.5625],"rotation":0,"texture":"#1","tintindex":0},"south":{"uv":[7.375,8.75,7.8125,9.3125],"rotation":0,"texture":"#1","tintindex":0},"north":{"uv":[8.75,6.625,9.1875,7.1875],"rotation":0,"texture":"#1","tintindex":0},"west":{"uv":[0.0,0.0,0.0,0.5625],"rotation":0,"texture":"#1","tintindex":0},"up":{"uv":[0.4375,0.0,0.0,0.0],"rotation":0,"texture":"#1","tintindex":0},"down":{"uv":[0.4375,0.0,0.0,0.0],"rotation":0,"texture":"#1","tintindex":0}}},{"from":[7.443714,8.197103,5.5903206],"to":[8.419143,9.151274,6.288892],"rotation":{"angle":0.0,"axis":"y","origin":[8.0,-6.4209557,7.3303204]},"faces":{"east":{"uv":[4.875,5.25,5.0,5.4375],"rotation":0,"texture":"#1","tintindex":0},"south":{"uv":[9.75,9.0,9.9375,9.1875],"rotation":0,"texture":"#1","tintindex":0},"north":{"uv":[9.0,9.75,9.1875,9.9375],"rotation":0,"texture":"#1","tintindex":0},"west":{"uv":[5.375,1.625,5.5,1.8125],"rotation":0,"texture":"#1","tintindex":0},"up":{"uv":[1.9375,5.375,1.75,5.25],"rotation":0,"texture":"#1","tintindex":0},"down":{"uv":[2.1875,5.25,2.0,5.375],"rotation":0,"texture":"#1","tintindex":0}}},{"from":[5.489714,10.921331,5.9600344],"to":[10.544001,13.118474,11.138892],"rotation":{"angle":0.0,"axis":"y","origin":[11.616858,7.1627593,8.663749]},"faces":{"east":{"uv":[6.0,4.75,7.125,5.25],"rotation":0,"texture":"#1","tintindex":0},"south":{"uv":[6.0,5.25,7.125,5.75],"rotation":0,"texture":"#1","tintindex":0},"north":{"uv":[6.0,4.25,7.125,4.75],"rotation":0,"texture":"#1","tintindex":0},"west":{"uv":[1.5,6.125,2.625,6.625],"rotation":0,"texture":"#1","tintindex":0},"up":{"uv":[2.375,4.5,1.25,3.375],"rotation":0,"texture":"#1","tintindex":0},"down":{"uv":[3.5,3.375,2.375,4.5],"rotation":0,"texture":"#1","tintindex":0}}},{"from":[5.489714,8.724188,7.6743207],"to":[10.544001,10.92133,11.138892],"rotation":{"angle":0.0,"axis":"y","origin":[11.616858,7.2513304,8.663749]},"faces":{"east":{"uv":[7.25,3.5,8.0,4.0],"rotation":0,"texture":"#1","tintindex":0},"south":{"uv":[6.25,2.125,7.375,2.625],"rotation":0,"texture":"#1","tintindex":0},"north":{"uv":[6.25,1.625,7.375,2.125],"rotation":0,"texture":"#1","tintindex":0},"west":{"uv":[7.5,0.875,8.25,1.375],"rotation":0,"texture":"#1","tintindex":0},"up":{"uv":[1.125,5.25,0.0,4.5],"rotation":0,"texture":"#1","tintindex":0},"down":{"uv":[2.25,4.5,1.125,5.25],"rotation":0,"texture":"#1","tintindex":0}}},{"from":[10.544,9.035617,6.8743205],"to":[11.598286,10.375617,10.567464],"rotation":{"angle":-22.5,"axis":"x","origin":[8.016857,12.448474,8.378035]},"faces":{"east":{"uv":[8.375,1.125,9.1875,1.4375],"rotation":0,"texture":"#1","tintindex":0},"south":{"uv":[9.75,2.875,10.0,3.1875],"rotation":0,"texture":"#1","tintindex":0},"north":{"uv":[2.875,9.75,3.125,10.0625],"rotation":0,"texture":"#1","tintindex":0},"west":{"uv":[8.375,1.5,9.1875,1.8125],"rotation":0,"texture":"#1","tintindex":0},"up":{"uv":[7.25,9.9375,7.0,9.125],"rotation":0,"texture":"#1","tintindex":0},"down":{"uv":[0.25,9.25,0.0,10.0625],"rotation":0,"texture":"#1","tintindex":0}}},{"from":[4.435428,9.035617,6.8743205],"to":[5.489714,10.375617,10.567464],"rotation":{"angle":-22.5,"axis":"x","origin":[8.016857,12.448474,8.378035]},"faces":{"east":{"uv":[8.375,1.875,9.1875,2.1875],"rotation":0,"texture":"#1","tintindex":0},"south":{"uv":[3.375,9.75,3.625,10.0625],"rotation":0,"texture":"#1","tintindex":0},"north":{"uv":[3.125,9.75,3.375,10.0625],"rotation":0,"texture":"#1","tintindex":0},"west":{"uv":[8.5,3.75,9.3125,4.0625],"rotation":0,"texture":"#1","tintindex":0},"up":{"uv":[9.5,0.8125,9.25,0.0],"rotation":0,"texture":"#1","tintindex":0},"down":{"uv":[0.5,9.25,0.25,10.0625],"rotation":0,"texture":"#1","tintindex":0}}},{"from":[4.435428,10.749903,6.8743205],"to":[5.489714,12.089903,10.567464],"rotation":{"angle":-22.5,"axis":"x","origin":[8.016857,12.448474,8.378035]},"faces":{"east":{"uv":[8.5,4.125,9.3125,4.4375],"rotation":0,"texture":"#1","tintindex":0},"south":{"uv":[5.25,9.75,5.5,10.0625],"rotation":0,"texture":"#1","tintindex":0},"north":{"uv":[5.0,9.75,5.25,10.0625],"rotation":0,"texture":"#1","tintindex":0},"west":{"uv":[8.5,4.5,9.3125,4.8125],"rotation":0,"texture":"#1","tintindex":0},"up":{"uv":[1.125,10.0625,0.875,9.25],"rotation":0,"texture":"#1","tintindex":0},"down":{"uv":[9.5,0.875,9.25,1.6875],"rotation":0,"texture":"#1","tintindex":0}}},{"from":[10.544,10.749903,6.8743205],"to":[11.598286,12.089903,10.567464],"rotation":{"angle":-22.5,"axis":"x","origin":[8.016857,12.448474,8.378035]},"faces":{"east":{"uv":[8.5,4.875,9.3125,5.1875],"rotation":0,"texture":"#1","tintindex":0},"south":{"uv":[5.5,9.75,5.75,10.0625],"rotation":0,"texture":"#1","tintindex":0},"north":{"uv":[9.75,5.25,10.0,5.5625],"rotation":0,"texture":"#1","tintindex":0},"west":{"uv":[8.5,6.25,9.3125,6.5625],"rotation":0,"texture":"#1","tintindex":0},"up":{"uv":[1.375,10.0625,1.125,9.25],"rotation":0,"texture":"#1","tintindex":0},"down":{"uv":[1.625,9.25,1.375,10.0625],"rotation":0,"texture":"#1","tintindex":0}}},{"from":[5.006857,12.464188,6.8743205],"to":[6.0611424,13.232759,10.567464],"rotation":{"angle":-22.5,"axis":"x","origin":[8.016857,12.448474,8.378035]},"faces":{"east":{"uv":[9.375,3.75,10.1875,3.9375],"rotation":0,"texture":"#1","tintindex":0},"south":{"uv":[4.75,8.75,5.0,8.9375],"rotation":0,"texture":"#1","tintindex":0},"north":{"uv":[8.5,6.625,8.75,6.8125],"rotation":0,"texture":"#1","tintindex":0},"west":{"uv":[9.375,4.0,10.1875,4.1875],"rotation":0,"texture":"#1","tintindex":0},"up":{"uv":[1.875,10.0625,1.625,9.25],"rotation":0,"texture":"#1","tintindex":0},"down":{"uv":[3.875,9.25,3.625,10.0625],"rotation":0,"texture":"#1","tintindex":0}}},{"from":[9.972571,12.464188,6.8743205],"to":[11.026857,13.232759,10.567464],"rotation":{"angle":-22.5,"axis":"x","origin":[8.016857,12.448474,8.378035]},"faces":{"east":{"uv":[9.375,4.25,10.1875,4.4375],"rotation":0,"texture":"#1","tintindex":0},"south":{"uv":[9.75,6.25,10.0,6.4375],"rotation":0,"texture":"#1","tintindex":0},"north":{"uv":[5.75,9.75,6.0,9.9375],"rotation":0,"texture":"#1","tintindex":0},"west":{"uv":[9.375,4.5,10.1875,4.6875],"rotation":0,"texture":"#1","tintindex":0},"up":{"uv":[4.5,10.0625,4.25,9.25],"rotation":0,"texture":"#1","tintindex":0},"down":{"uv":[4.75,9.25,4.5,10.0625],"rotation":0,"texture":"#1","tintindex":0}}},{"from":[6.944,11.835617,6.8743205],"to":[9.141143,13.232759,11.138892],"rotation":{"angle":-22.5,"axis":"x","origin":[8.016857,12.448474,8.378035]},"faces":{"east":{"uv":[8.25,0.0,9.1875,0.3125],"rotation":0,"texture":"#1","tintindex":0},"south":{"uv":[2.875,9.375,3.375,9.6875],