{"elements":[{"from":[5.342857,1.9999995,4.285714],"to":[8.3714285,8.285714,11.714286],"rotation":{"angle":0.0,"axis":"y","origin":[14.314286,28.285715,5.142857]},"faces":{"east":{"uv":[12.8125,0.0,12.0625,0.6875],"rotation":0,"texture":"#0","tintindex":0},"south":{"uv":[11.125,12.125,11.5625,12.6875],"rotation":0,"texture":"#0","tintindex":0},"north":{"uv":[4.1875,10.25,3.625,10.9375],"rotation":0,"texture":"#0","tintindex":0},"west":{"uv":[1.75,11.5,2.5625,12.1875],"rotation":0,"texture":"#0","tintindex":0},"up":{"uv":[12.4375,8.1875,11.875,7.375],"rotation":0,"texture":"#0","tintindex":0},"down":{"uv":[1.75,12.25,2.1875,12.8125],"rotation":0,"texture":"#0","tintindex":0}}}],"textures":{"0":"modelengine:entity/stormdragongeneral_gm"},"display":{"head":{"translation":[0.0,-6.4,0.0],"scale":[4.0,4.0,4.0]}}}