{"elements":[{"from":[5.342857,1.9999995,4.285714],"to":[10.657143,10.571428,11.714286],"rotation":{"angle":0.0,"axis":"y","origin":[1.1714282,28.285715,5.142857]},"faces":{"east":{"uv":[2.5625,11.5,1.75,12.125],"rotation":0,"texture":"#0","tintindex":0},"south":{"uv":[1.6875,12.1875,2.25,12.875],"rotation":0,"texture":"#0","tintindex":0},"north":{"uv":[2.25,12.1875,1.6875,12.875],"rotation":0,"texture":"#0","tintindex":0},"west":{"uv":[8.1875,2.5625,9.0,3.25],"rotation":0,"texture":"#0","tintindex":0},"up":{"uv":[0.5625,11.75,0.0,10.9375],"rotation":0,"texture":"#0","tintindex":0},"down":{"uv":[11.0,7.1875,11.5625,8.0],"rotation":0,"texture":"#0","tintindex":0}}},{"from":[5.3428574,-6.854124,4.4595413],"to":[11.228572,-0.5684109,4.4595413],"rotation":{"angle":22.5,"axis":"x","origin":[8.588296,-1.0884571,8.241997]},"faces":{"east":{"uv":[0.0,0.0,0.0,0.5],"rotation":0,"texture":"#0","tintindex":0},"south":{"uv":[13.6875,9.375,13.25,9.875],"rotation":0,"texture":"#0","tintindex":0},"north":{"uv":[13.25,9.375,13.6875,9.875],"rotation":0,"texture":"#0","tintindex":0},"west":{"uv":[0.0,0.0,0.0,0.5],"rotation":0,"texture":"#0","tintindex":0},"up":{"uv":[0.4375,0.0,0.0,0.0],"rotation":180,"texture":"#0","tintindex":0},"down":{"uv":[0.4375,0.0,0.0,0.0],"rotation":180,"texture":"#0","tintindex":0}}},{"from":[8.2,-2.2826958,3.088684],"to":[10.085714,0.5744467,5.374398],"rotation":{"angle":22.5,"axis":"x","origin":[8.588296,-1.0884571,8.241997]},"faces":{"east":{"uv":[14.0,10.5,14.25,10.8125],"rotation":0,"texture":"#0","tintindex":0},"south":{"uv":[3.5625,9.0625,3.75,9.375],"rotation":0,"texture":"#0","tintindex":0},"north":{"uv":[3.5625,8.75,3.75,9.0625],"rotation":0,"texture":"#0","tintindex":0},"west":{"uv":[11.5,14.0,11.75,14.3125],"rotation":0,"texture":"#0","tintindex":0},"up":{"uv":[11.6875,14.0,11.5,13.75],"rotation":0,"texture":"#0","tintindex":0},"down":{"uv":[5.625,13.8125,5.4375,14.0625],"rotation":0,"texture":"#0","tintindex":0}}},{"from":[1.8898101,-3.8324041,7.942286],"to":[7.7755246,2.45331,7.942286],"rotation":{"angle":-22.5,"axis":"z","origin":[3.6898103,-7.54669,-0.057714462]},"faces":{"east":{"uv":[0.0,0.0,0.0,0.5],"rotation":0,"texture":"#0","tintindex":0},"south":{"uv":[13.6875,9.375,13.25,9.875],"rotation":0,"texture":"#0","tintindex":0},"north":{"uv":[13.25,9.375,13.6875,9.875],"rotation":0,"texture":"#0","tintindex":0},"west":{"uv":[0.0,0.0,0.0,0.5],"rotation":0,"texture":"#0","tintindex":0},"up":{"uv":[0.4375,0.0,0.0,0.0],"rotation":180,"texture":"#0","tintindex":0},"down":{"uv":[0.4375,0.0,0.0,0.0],"rotation":180,"texture":"#0","tintindex":0}}},{"from":[19.568295,0.3937869,6.8],"to":[21.454006,3.2509298,9.085714],"rotation":{"angle":-22.5,"axis":"z","origin":[11.968293,29.536646,5.142857]},"faces":{"east":{"uv":[11.75,14.0,12.0,14.3125],"rotation":0,"texture":"#0","tintindex":0},"south":{"uv":[8.375,9.4375,8.5625,9.75],"rotation":0,"texture":"#0","tintindex":0},"north":{"uv":[8.375,9.125,8.5625,9.4375],"rotation":0,"texture":"#0","tintindex":0},"west":{"uv":[14.0,12.4375,14.25,12.75],"rotation":0,"texture":"#0","tintindex":0},"up":{"uv":[14.4375,5.625,14.25,5.375],"rotation":0,"texture":"#0","tintindex":0},"down":{"uv":[14.4375,11.9375,14.25,12.1875],"rotation":0,"texture":"#0","tintindex":0}}},{"from":[5.3428574,-6.6251726,11.699142],"to":[11.228572,-0.33945847,11.699142],"rotation":{"angle":-22.5,"axis":"x","origin":[8.588296,-1.0884571,8.241997]},"faces":{"east":{"uv":[0.0,0.0,0.0,0.5],"rotation":0,"texture":"#0","tintindex":0},"south":{"uv":[13.6875,9.375,13.25,9.875],"rotation":0,"texture":"#0","tintindex":0},"north":{"uv":[13.25,9.375,13.6875,9.875],"rotation":0,"texture":"#0","tintindex":0},"west":{"uv":[0.0,0.0,0.0,0.5],"rotation":0,"texture":"#0","tintindex":0},"up":{"uv":[0.4375,0.0,0.0,0.0],"rotation":180,"texture":"#0","tintindex":0},"down":{"uv":[0.4375,0.0,0.0,0.0],"rotation":180,"texture":"#0","tintindex":0}}},{"from":[8.2,-2.0537443,10.556857],"to":[10.085714,0.80339813,12.842571],"rotation":{"angle":-22.5,"axis":"x","origin":[8.588296,-1.0884571,8.241997]},"faces":{"east":{"uv":[14.0625,0.25,14.3125,0.5625],"rotation":0,"texture":"#0","tintindex":0},"south":{"uv":[3.375,10.1875,3.5625,10.5],"rotation":0,"texture":"#0","tintindex":0},"north":{"uv":[0.625,9.75,0.8125,10.0625],"rotation":0,"texture":"#0","tintindex":0},"west":{"uv":[14.0625,1.3125,14.3125,1.625],"rotation":0,"texture":"#0","tintindex":0},"up":{"uv":[14.4375,12.4375,14.25,12.1875],"rotation":0,"texture":"#0","tintindex":0},"down":{"uv":[14.4375,12.4375,14.25,12.6875],"rotation":0,"texture":"#0","tintindex":0}}},{"from":[-0.3105936,5.257143,-1.4519491],"to":[5.575121,5.257143,4.8337655],"rotation":{"angle":22.5,"axis":"y","origin":[3.9465494,-0.5714283,-9.45195]},"faces":{"east":{"uv":[0.0,0.0,0.0,0.5],"rotation":270,"texture":"#0","tintindex":0},"south":{"uv":[0.4375,0.0,0.0,0.0],"rotation":180,"texture":"#0","tintindex":0},"north":{"uv":[0.4375,0.0,0.0,0.0],"rotation":0,"texture":"#0","tintindex":0},"west":{"uv":[0.0,0.0,0.0,0.5],"rotation":90,"texture":"#0","tintindex":0},"up":{"uv":[13.25,9.375,13.6875,9.875],"rotation":180,"texture":"#0","tintindex":0},"down":{"uv":[13.6875,9.375,13.25,9.875],"rotation":0,"texture":"#0","tintindex":0}}},{"from":[7.155338,4.1142855,-2.1724062],"to":[9.041052,6.5714283,0.11330891],"rotation":{"angle":22.5,"axis":"y","origin":[19.898197,32.857143,-1.0295486]},"faces":{"east":{"uv":[14.1875,6.5,14.4375,6.75],"rotation":0,"texture":"#0","tintindex":0},"south":{"uv":[14.25,12.9375,14.4375,13.1875],"rotation":0,"texture":"#0","tintindex":0},"north":{"uv":[14.25,12.6875,14.4375,12.9375],"rotation":0,"texture":"#0","tintindex":0},"west":{"uv":[14.1875,6.75,14.4375,7.0],"rotation":0,"texture":"#0","tintindex":0},"up":{"uv":[13.6875,14.5,13.5,14.25],"rotation":0,"texture":"#0","tintindex":0},"down":{"uv":[13.875,14.25,13.6875,14.5],"rotation":0,"texture":"#0","tintindex":0}}}],"textures":{"0":"modelengine:entity/stormdragongeneral_gm"},"display":{"head":{"translation":[0.0,-6.4,0.0],"scale":[4.0,4.0,4.0]}}}