{"elements":[{"from":[5.342857,1.9999995,4.285714],"to":[10.657143,10.571428,11.714286],"rotation":{"angle":0.0,"axis":"y","origin":[14.314286,28.285715,5.142857]},"faces":{"east":{"uv":[9.0,2.5625,8.1875,3.25],"rotation":0,"texture":"#0","tintindex":0},"south":{"uv":[2.25,12.1875,1.6875,12.875],"rotation":0,"texture":"#0","tintindex":0},"north":{"uv":[1.6875,12.1875,2.25,12.875],"rotation":0,"texture":"#0","tintindex":0},"west":{"uv":[1.75,11.5,2.5625,12.125],"rotation":0,"texture":"#0","tintindex":0},"up":{"uv":[0.0,11.75,0.5625,10.9375],"rotation":0,"texture":"#0","tintindex":0},"down":{"uv":[11.5625,7.1875,11.0,8.0],"rotation":0,"texture":"#0","tintindex":0}}},{"from":[6.1833286,5.2000003,1.762166],"to":[12.069043,5.2000003,8.04788],"rotation":{"angle":-22.5,"axis":"y","origin":[18.18333,2.9714289,3.0764518]},"faces":{"east":{"uv":[0.0,0.0,0.0,0.5],"rotation":270,"texture":"#0","tintindex":0},"south":{"uv":[0.4375,0.0,0.0,0.0],"rotation":0,"texture":"#0","tintindex":0},"north":{"uv":[0.4375,0.0,0.0,0.0],"rotation":180,"texture":"#0","tintindex":0},"west":{"uv":[0.0,0.0,0.0,0.5],"rotation":90,"texture":"#0","tintindex":0},"up":{"uv":[13.6875,9.375,13.25,9.875],"rotation":180,"texture":"#0","tintindex":0},"down":{"uv":[13.25,9.375,13.6875,9.875],"rotation":0,"texture":"#0","tintindex":0}}},{"from":[5.746416,4.1142855,5.304207],"to":[7.63213,6.5714283,7.589921],"rotation":{"angle":-22.5,"axis":"y","origin":[14.374988,32.857143,6.447064]},"faces":{"east":{"uv":[14.1875,8.125,14.4375,8.375],"rotation":0,"texture":"#0","tintindex":0},"south":{"uv":[14.3125,3.9375,14.5,4.1875],"rotation":0,"texture":"#0","tintindex":0},"north":{"uv":[14.3125,3.6875,14.5,3.9375],"rotation":0,"texture":"#0","tintindex":0},"west":{"uv":[14.1875,8.375,14.4375,8.625],"rotation":0,"texture":"#0","tintindex":0},"up":{"uv":[14.5,4.4375,14.3125,4.1875],"rotation":0,"texture":"#0","tintindex":0},"down":{"uv":[14.5,4.4375,14.3125,4.6875],"rotation":0,"texture":"#0","tintindex":0}}},{"from":[4.8857145,-8.626665,3.9226747],"to":[10.771429,-2.34095,3.9226747],"rotation":{"angle":-22.5,"axis":"x","origin":[-2.485715,17.830479,-0.6487541]},"faces":{"east":{"uv":[0.0,0.0,0.0,0.5],"rotation":0,"texture":"#0","tintindex":0},"south":{"uv":[13.25,9.375,13.6875,9.875],"rotation":0,"texture":"#0","tintindex":0},"north":{"uv":[13.6875,9.375,13.25,9.875],"rotation":0,"texture":"#0","tintindex":0},"west":{"uv":[0.0,0.0,0.0,0.5],"rotation":0,"texture":"#0","tintindex":0},"up":{"uv":[0.4375,0.0,0.0,0.0],"rotation":0,"texture":"#0","tintindex":0},"down":{"uv":[0.4375,0.0,0.0,0.0],"rotation":0,"texture":"#0","tintindex":0}}},{"from":[6.0285716,-5.0447874,0.09015179],"to":[7.914286,-2.187644,2.3758664],"rotation":{"angle":-22.5,"axis":"x","origin":[14.657144,24.098072,-4.4812765]},"faces":{"east":{"uv":[5.5,14.0625,5.75,14.375],"rotation":0,"texture":"#0","tintindex":0},"south":{"uv":[14.25,2.1875,14.4375,2.5],"rotation":0,"texture":"#0","tintindex":0},"north":{"uv":[14.25,1.875,14.4375,2.1875],"rotation":0,"texture":"#0","tintindex":0},"west":{"uv":[14.0625,5.625,14.3125,5.9375],"rotation":0,"texture":"#0","tintindex":0},"up":{"uv":[14.5,5.875,14.3125,5.625],"rotation":0,"texture":"#0","tintindex":0},"down":{"uv":[14.5,5.875,14.3125,6.125],"rotation":0,"texture":"#0","tintindex":0}}},{"from":[-2.2477512,-10.496128,7.9994283],"to":[3.6379633,-4.210414,7.9994283],"rotation":{"angle":22.5,"axis":"z","origin":[-9.619181,15.961016,6.2851424]},"faces":{"east":{"uv":[0.0,0.0,0.0,0.5],"rotation":0,"texture":"#0","tintindex":0},"south":{"uv":[13.25,9.375,13.6875,9.875],"rotation":0,"texture":"#0","tintindex":0},"north":{"uv":[13.6875,9.375,13.25,9.875],"rotation":0,"texture":"#0","tintindex":0},"west":{"uv":[0.0,0.0,0.0,0.5],"rotation":0,"texture":"#0","tintindex":0},"up":{"uv":[0.4375,0.0,0.0,0.0],"rotation":0,"texture":"#0","tintindex":0},"down":{"uv":[0.4375,0.0,0.0,0.0],"rotation":0,"texture":"#0","tintindex":0}}},{"from":[-5.187005,0.08317137,6.857143],"to":[-3.3012905,2.9403143,9.142858],"rotation":{"angle":22.5,"axis":"z","origin":[3.441567,29.226028,5.142857]},"faces":{"east":{"uv":[14.0625,5.9375,14.3125,6.25],"rotation":0,"texture":"#0","tintindex":0},"south":{"uv":[4.4375,14.25,4.625,14.5625],"rotation":0,"texture":"#0","tintindex":0},"north":{"uv":[4.25,14.25,4.4375,14.5625],"rotation":0,"texture":"#0","tintindex":0},"west":{"uv":[7.0,14.0625,7.25,14.375],"rotation":0,"texture":"#0","tintindex":0},"up":{"uv":[7.9375,14.5625,7.75,14.3125],"rotation":0,"texture":"#0","tintindex":0},"down":{"uv":[9.125,14.3125,8.9375,14.5625],"rotation":0,"texture":"#0","tintindex":0}}},{"from":[4.8857145,-7.30982,12.315386],"to":[10.771429,-1.0241051,12.315386],"rotation":{"angle":22.5,"axis":"x","origin":[-2.485715,19.147324,13.458242]},"faces":{"east":{"uv":[0.0,0.0,0.0,0.5],"rotation":0,"texture":"#0","tintindex":0},"south":{"uv":[13.25,9.375,13.6875,9.875],"rotation":0,"texture":"#0","tintindex":0},"north":{"uv":[13.6875,9.375,13.25,9.875],"rotation":0,"texture":"#0","tintindex":0},"west":{"uv":[0.0,0.0,0.0,0.5],"rotation":0,"texture":"#0","tintindex":0},"up":{"uv":[0.4375,0.0,0.0,0.0],"rotation":0,"texture":"#0","tintindex":0},"down":{"uv":[0.4375,0.0,0.0,0.0],"rotation":0,"texture":"#0","tintindex":0}}},{"from":[6.0285716,-2.853674,14.03724],"to":[7.914286,0.0034685135,16.322954],"rotation":{"angle":22.5,"axis":"x","origin":[14.657144,26.289183,15.180098]},"faces":{"east":{"uv":[7.25,14.0625,7.5,14.375],"rotation":0,"texture":"#0","tintindex":0},"south":{"uv":[4.8125,14.25,5.0,14.5625],"rotation":0,"texture":"#0","tintindex":0},"north":{"uv":[4.625,14.25,4.8125,14.5625],"rotation":0,"texture":"#0","tintindex":0},"west":{"uv":[7.5,14.0625,7.75,14.375],"rotation":0,"texture":"#0","tintindex":0},"up":{"uv":[11.625,14.5625,11.4375,14.3125],"rotation":0,"texture":"#0","tintindex":0},"down":{"uv":[11.8125,14.3125,11.625,14.5625],"rotation":0,"texture":"#0","tintindex":0}}}],"textures":{"0":"modelengine:entity/stormdragongeneral_gm"},"display":{"head":{"translation":[0.0,-6.4,0.0],"scale":[4.0,4.0,4.0]}}}