{"elements":[{"from":[4.771428,-1.4285717,3.7142854],"to":[11.228572,11.714286,12.285715],"rotation":{"angle":0.0,"axis":"y","origin":[1.742857,5.428571,4.5714283]},"faces":{"east":{"uv":[2.8125,6.875,3.75,8.3125],"rotation":0,"texture":"#0","tintindex":0},"south":{"uv":[10.75,6.875,11.4375,8.3125],"rotation":0,"texture":"#0","tintindex":0},"north":{"uv":[0.75,8.3125,0.0625,9.75],"rotation":0,"texture":"#0","tintindex":0},"west":{"uv":[3.75,6.875,2.8125,8.3125],"rotation":0,"texture":"#0","tintindex":0},"up":{"uv":[9.9375,9.9375,9.25,9.0],"rotation":0,"texture":"#0","tintindex":0},"down":{"uv":[9.9375,9.0,9.25,9.9375],"rotation":0,"texture":"#0","tintindex":0}}}],"textures":{"0":"modelengine:entity/stormdragongeneral_gm"},"display":{"head":{"translation":[0.0,-6.4,0.0],"scale":[4.0,4.0,4.0]}}}