{"elements":[{"from":[6.721143,1.7054434,9.050963],"to":[9.450286,5.4751577,11.682392],"rotation":{"angle":-45.0,"axis":"x","origin":[9.107429,1.7054434,9.638964]},"faces":{"east":{"uv":[7.0,2.625,7.5625,3.4375],"rotation":0,"texture":"#1","tintindex":0},"south":{"uv":[6.75,6.5,7.375,7.3125],"rotation":0,"texture":"#1","tintindex":0},"north":{"uv":[1.5,6.625,2.125,7.4375],"rotation":0,"texture":"#1","tintindex":0},"west":{"uv":[7.125,0.0,7.6875,0.8125],"rotation":0,"texture":"#1","tintindex":0},"up":{"uv":[8.5,6.8125,7.875,6.25],"rotation":0,"texture":"#1","tintindex":0},"down":{"uv":[8.625,3.125,8.0,3.6875],"rotation":0,"texture":"#1","tintindex":0}}},{"from":[6.8925714,4.238857,6.752857],"to":[9.107429,8.008572,9.041429],"rotation":{"angle":0.0,"axis":"y","origin":[9.107429,0.81028557,7.1694283]},"faces":{"east":{"uv":[1.125,7.5,1.625,8.3125],"rotation":0,"texture":"#1","tintindex":0},"south":{"uv":[1.625,7.5,2.125,8.3125],"rotation":0,"texture":"#1","tintindex":0},"north":{"uv":[7.125,7.375,7.625,8.1875],"rotation":0,"texture":"#1","tintindex":0},"west":{"uv":[2.125,7.625,2.625,8.4375],"rotation":0,"texture":"#1","tintindex":0},"up":{"uv":[1.875,9.25,1.375,8.75],"rotation":0,"texture":"#1","tintindex":0},"down":{"uv":[4.75,8.75,4.25,9.25],"rotation":0,"texture":"#1","tintindex":0}}}],"textures":{"1":"modelengine:entity/general_medievalsoldier_gm"},"display":{"head":{"translation":[0.0,-6.4,0.0],"scale":[4.0,4.0,4.0]}}}