{"elements":[{"from":[6.721143,1.7054434,9.050963],"to":[9.450286,5.4751577,11.682392],"rotation":{"angle":-45.0,"axis":"x","origin":[6.8925714,1.7054434,9.638964]},"faces":{"east":{"uv":[0.5,6.875,1.0625,7.6875],"rotation":0,"texture":"#1","tintindex":0},"south":{"uv":[6.125,6.5,6.75,7.3125],"rotation":0,"texture":"#1","tintindex":0},"north":{"uv":[5.5,6.5,6.125,7.3125],"rotation":0,"texture":"#1","tintindex":0},"west":{"uv":[4.0,6.875,4.5625,7.6875],"rotation":0,"texture":"#1","tintindex":0},"up":{"uv":[8.5,4.5625,7.875,4.0],"rotation":0,"texture":"#1","tintindex":0},"down":{"uv":[8.5,4.625,7.875,5.1875],"rotation":0,"texture":"#1","tintindex":0}}},{"from":[6.8925714,4.238857,6.752857],"to":[9.107429,8.008572,9.041429],"rotation":{"angle":0.0,"axis":"y","origin":[6.8925714,0.81028557,7.1694283]},"faces":{"east":{"uv":[6.125,7.375,6.625,8.1875],"rotation":0,"texture":"#1","tintindex":0},"south":{"uv":[7.375,6.375,7.875,7.1875],"rotation":0,"texture":"#1","tintindex":0},"north":{"uv":[5.625,7.375,6.125,8.1875],"rotation":0,"texture":"#1","tintindex":0},"west":{"uv":[6.625,7.375,7.125,8.1875],"rotation":0,"texture":"#1","tintindex":0},"up":{"uv":[0.5,9.25,0.0,8.75],"rotation":0,"texture":"#1","tintindex":0},"down":{"uv":[1.375,8.75,0.875,9.25],"rotation":0,"texture":"#1","tintindex":0}}}],"textures":{"1":"modelengine:entity/general_medievalsoldier_gm"},"display":{"head":{"translation":[0.0,-6.4,0.0],"scale":[4.0,4.0,4.0]}}}