{"elements":[{"from":[5.1471996,1.7295809,7.676176],"to":[10.290057,6.8724384,20.247604],"rotation":{"angle":45.0,"axis":"z","origin":[8.004343,4.5867243,15.390463]},"faces":{"east":{"uv":[9.9375,9.5,11.3125,10.0],"rotation":0,"texture":"#0","tintindex":0},"south":{"uv":[5.9375,12.9375,6.4375,13.4375],"rotation":0,"texture":"#0","tintindex":0},"north":{"uv":[12.9375,4.8125,13.4375,5.3125],"rotation":0,"texture":"#0","tintindex":0},"west":{"uv":[8.375,10.0,9.75,10.5],"rotation":0,"texture":"#0","tintindex":0},"up":{"uv":[10.25,11.375,9.75,10.0],"rotation":0,"texture":"#0","tintindex":0},"down":{"uv":[10.625,1.875,10.125,3.25],"rotation":0,"texture":"#0","tintindex":0}}},{"from":[4.7472,4.5867243,7.676176],"to":[11.204343,9.158153,20.247604],"rotation":{"angle":0.0,"axis":"y","origin":[8.004343,4.5867243,15.390463]},"faces":{"east":{"uv":[3.375,10.1875,2.0,10.6875],"rotation":0,"texture":"#0","tintindex":0},"south":{"uv":[12.125,12.625,12.8125,13.125],"rotation":0,"texture":"#0","tintindex":0},"north":{"uv":[2.4375,10.875,3.125,11.375],"rotation":0,"texture":"#0","tintindex":0},"west":{"uv":[2.0,10.1875,3.375,10.6875],"rotation":0,"texture":"#0","tintindex":0},"up":{"uv":[5.625,10.9375,4.9375,9.5625],"rotation":0,"texture":"#0","tintindex":0},"down":{"uv":[6.3125,9.5625,5.625,10.9375],"rotation":0,"texture":"#0","tintindex":0}}},{"from":[6.7472,9.158153,16.247604],"to":[9.204343,11.443867,20.247604],"rotation":{"angle":0.0,"axis":"y","origin":[8.004343,4.5867243,15.390463]},"faces":{"east":{"uv":[13.8125,12.1875,14.25,12.4375],"rotation":0,"texture":"#0","tintindex":0},"south":{"uv":[14.1875,0.0,14.4375,0.25],"rotation":0,"texture":"#0","tintindex":0},"north":{"uv":[14.0625,14.125,14.3125,14.375],"rotation":0,"texture":"#0","tintindex":0},"west":{"uv":[13.875,4.375,14.3125,4.625],"rotation":0,"texture":"#0","tintindex":0},"up":{"uv":[9.1875,14.3125,8.9375,13.875],"rotation":0,"texture":"#0","tintindex":0},"down":{"uv":[2.375,13.9375,2.125,14.375],"rotation":0,"texture":"#0","tintindex":0}}}],"textures":{"0":"modelengine:entity/stormdragongeneral_gm"},"display":{"head":{"translation":[0.0,-6.4,0.0],"scale":[4.0,4.0,4.0]}}}