{"elements":[{"from":[3.0425057,2.6803832,-3.5503473],"to":[12.928221,11.251812,7.878225],"rotation":{"angle":0.0,"axis":"y","origin":[8.013935,4.966098,15.59251]},"faces":{"east":{"uv":[8.75,3.4375,7.5,4.3125],"rotation":0,"texture":"#0","tintindex":0},"south":{"uv":[7.5,1.6875,8.5625,2.5],"rotation":0,"texture":"#0","tintindex":0},"north":{"uv":[8.125,5.875,9.1875,6.8125],"rotation":0,"texture":"#0","tintindex":0},"west":{"uv":[7.5,3.4375,8.75,4.3125],"rotation":0,"texture":"#0","tintindex":0},"up":{"uv":[11.8125,8.3125,10.75,7.0625],"rotation":0,"texture":"#0","tintindex":0},"down":{"uv":[8.5625,1.25,7.5,2.5],"rotation":0,"texture":"#0","tintindex":0}}},{"from":[6.7567916,10.39467,1.5925097],"to":[9.213935,12.966098,5.59251],"rotation":{"angle":-22.5,"axis":"x","origin":[7.985363,11.82324,3.5925102]},"faces":{"east":{"uv":[3.125,10.6875,3.5625,11.0],"rotation":0,"texture":"#0","tintindex":0},"south":{"uv":[7.5625,11.75,7.8125,12.0625],"rotation":0,"texture":"#0","tintindex":0},"north":{"uv":[10.0,11.375,10.25,11.6875],"rotation":0,"texture":"#0","tintindex":0},"west":{"uv":[13.625,1.4375,14.0625,1.75],"rotation":0,"texture":"#0","tintindex":0},"up":{"uv":[1.875,14.125,1.625,13.6875],"rotation":0,"texture":"#0","tintindex":0},"down":{"uv":[6.6875,13.6875,6.4375,14.125],"rotation":0,"texture":"#0","tintindex":0}}},{"from":[6.7567916,10.051812,-4.1217756],"to":[9.213935,12.337526,-0.12177563],"rotation":{"angle":-22.5,"axis":"x","origin":[7.985363,11.82324,-2.1217756]},"faces":{"east":{"uv":[13.75,8.25,14.1875,8.5],"rotation":0,"texture":"#0","tintindex":0},"south":{"uv":[13.1875,4.5625,13.4375,4.8125],"rotation":0,"texture":"#0","tintindex":0},"north":{"uv":[12.5625,13.125,12.8125,13.375],"rotation":0,"texture":"#0","tintindex":0},"west":{"uv":[13.75,8.5,14.1875,8.75],"rotation":0,"texture":"#0","tintindex":0},"up":{"uv":[10.75,14.1875,10.5,13.75],"rotation":0,"texture":"#0","tintindex":0},"down":{"uv":[11.0,13.75,10.75,14.1875],"rotation":0,"texture":"#0","tintindex":0}}},{"from":[3.3282204,10.051812,-4.1217756],"to":[5.785363,12.337526,-0.12177563],"rotation":{"angle":22.5,"axis":"z","origin":[4.556792,11.194669,-2.1217756]},"faces":{"east":{"uv":[5.0,13.8125,5.4375,14.0625],"rotation":0,"texture":"#0","tintindex":0},"south":{"uv":[12.25,14.125,12.5,14.375],"rotation":0,"texture":"#0","tintindex":0},"north":{"uv":[14.125,11.0625,14.375,11.3125],"rotation":0,"texture":"#0","tintindex":0},"west":{"uv":[13.8125,5.375,14.25,5.625],"rotation":0,"texture":"#0","tintindex":0},"up":{"uv":[14.0625,6.0625,13.8125,5.625],"rotation":0,"texture":"#0","tintindex":0},"down":{"uv":[6.1875,13.8125,5.9375,14.25],"rotation":0,"texture":"#0","tintindex":0}}},{"from":[3.3282204,10.39467,1.5925097],"to":[5.785363,12.966098,5.59251],"rotation":{"angle":22.5,"axis":"z","origin":[4.556792,11.680384,3.5925102]},"faces":{"east":{"uv":[0.3125,13.6875,0.75,14.0],"rotation":0,"texture":"#0","tintindex":0},"south":{"uv":[7.75,14.0,8.0,14.3125],"rotation":0,"texture":"#0","tintindex":0},"north":{"uv":[14.0,2.25,14.25,2.5625],"rotation":0,"texture":"#0","tintindex":0},"west":{"uv":[0.75,13.6875,1.1875,14.0],"rotation":0,"texture":"#0","tintindex":0},"up":{"uv":[14.0625,6.5,13.8125,6.0625],"rotation":0,"texture":"#0","tintindex":0},"down":{"uv":[6.4375,13.8125,6.1875,14.25],"rotation":0,"texture":"#0","tintindex":0}}},{"from":[10.185364,10.051812,-4.1217756],"to":[12.642507,12.337526,-0.12177563],"rotation":{"angle":-22.5,"axis":"z","origin":[11.413935,11.194669,-2.1217756]},"faces":{"east":{"uv":[8.1875,13.8125,8.625,14.0625],"rotation":0,"texture":"#0","tintindex":0},"south":{"uv":[14.125,13.5,14.375,13.75],"rotation":0,"texture":"#0","tintindex":0},"north":{"uv":[14.125,13.25,14.375,13.5],"rotation":0,"texture":"#0","tintindex":0},"west":{"uv":[13.8125,11.4375,14.25,11.6875],"rotation":0,"texture":"#0","tintindex":0},"up":{"uv":[13.8125,14.25,13.5625,13.8125],"rotation":0,"texture":"#0","tintindex":0},"down":{"uv":[14.0625,13.8125,13.8125,14.25],"rotation":0,"texture":"#0","tintindex":0}}},{"from":[10.185364,10.39467,1.5925097],"to":[12.642507,12.966098,5.59251],"rotation":{"angle":-22.5,"axis":"z","origin":[11.413935,11.680384,3.5925102]},"faces":{"east":{"uv":[1.1875,13.6875,1.625,14.0],"rotation":0,"texture":"#0","tintindex":0},"south":{"uv":[14.0,10.1875,14.25,10.5],"rotation":0,"texture":"#0","tintindex":0},"north":{"uv":[14.0,9.0,14.25,9.3125],"rotation":0,"texture":"#0","tintindex":0},"west":{"uv":[13.6875,3.125,14.125,3.4375],"rotation":0,"texture":"#0","tintindex":0},"up":{"uv":[2.125,14.3125,1.875,13.875],"rotation":0,"texture":"#0","tintindex":0},"down":{"uv":[14.125,2.625,13.875,3.0625],"rotation":0,"texture":"#0","tintindex":0}}}],"textures":{"0":"modelengine:entity/stormdragongeneral_gm"},"display":{"head":{"translation":[0.0,-6.4,0.0],"scale":[4.0,4.0,4.0]}}}