{"elements":[{"from":[6.168643,3.8359194,7.6753554],"to":[9.8715,7.538777,17.60107],"rotation":{"angle":45.0,"axis":"z","origin":[8.020071,5.6873484,11.609641]},"faces":{"east":{"uv":[12.125,1.1875,13.1875,1.5625],"rotation":0,"texture":"#0","tintindex":0},"south":{"uv":[5.25,12.875,5.625,13.25],"rotation":0,"texture":"#0","tintindex":0},"north":{"uv":[7.9375,10.125,8.3125,10.5],"rotation":0,"texture":"#0","tintindex":0},"west":{"uv":[12.125,1.5625,13.1875,1.9375],"rotation":0,"texture":"#0","tintindex":0},"up":{"uv":[4.5,12.875,4.125,11.8125],"rotation":0,"texture":"#0","tintindex":0},"down":{"uv":[7.9375,12.125,7.5625,13.1875],"rotation":0,"texture":"#0","tintindex":0}}},{"from":[5.3817854,5.6873484,7.6753554],"to":[10.612072,9.390205,17.60107],"rotation":{"angle":0.0,"axis":"y","origin":[8.020071,5.6873484,11.609641]},"faces":{"east":{"uv":[13.1875,4.4375,12.125,4.8125],"rotation":0,"texture":"#0","tintindex":0},"south":{"uv":[5.0,10.4375,5.5625,10.8125],"rotation":0,"texture":"#0","tintindex":0},"north":{"uv":[13.1875,12.1875,13.75,12.5],"rotation":0,"texture":"#0","tintindex":0},"west":{"uv":[12.125,4.4375,13.1875,4.8125],"rotation":0,"texture":"#0","tintindex":0},"up":{"uv":[5.5625,10.4375,5.0,9.5],"rotation":0,"texture":"#0","tintindex":0},"down":{"uv":[1.75,10.6875,1.1875,11.75],"rotation":0,"texture":"#0","tintindex":0}}},{"from":[6.7629285,8.587235,9.218213],"to":[9.220072,10.87295,12.075356],"rotation":{"angle":0.0,"axis":"y","origin":[8.020071,6.3015213,-8.21036]},"faces":{"east":{"uv":[12.8125,0.9375,13.125,1.1875],"rotation":0,"texture":"#0","tintindex":0},"south":{"uv":[11.1875,14.1875,11.4375,14.4375],"rotation":0,"texture":"#0","tintindex":0},"north":{"uv":[10.9375,14.1875,11.1875,14.4375],"rotation":0,"texture":"#0","tintindex":0},"west":{"uv":[13.9375,11.9375,14.25,12.1875],"rotation":0,"texture":"#0","tintindex":0},"up":{"uv":[0.25,14.4375,0.0,14.125],"rotation":0,"texture":"#0","tintindex":0},"down":{"uv":[1.875,14.125,1.625,14.4375],"rotation":0,"texture":"#0","tintindex":0}}},{"from":[6.7629285,7.8443785,12.646784],"to":[9.220072,10.130093,16.646786],"rotation":{"angle":22.5,"axis":"x","origin":[7.9915,9.730093,14.646784]},"faces":{"east":{"uv":[13.9375,5.125,14.375,5.375],"rotation":0,"texture":"#0","tintindex":0},"south":{"uv":[12.75,14.1875,13.0,14.4375],"rotation":0,"texture":"#0","tintindex":0},"north":{"uv":[12.5,14.1875,12.75,14.4375],"rotation":0,"texture":"#0","tintindex":0},"west":{"uv":[13.9375,7.375,14.375,7.625],"rotation":0,"texture":"#0","tintindex":0},"up":{"uv":[9.4375,14.375,9.1875,13.9375],"rotation":0,"texture":"#0","tintindex":0},"down":{"uv":[9.6875,13.9375,9.4375,14.375],"rotation":0,"texture":"#0","tintindex":0}}}],"textures":{"0":"modelengine:entity/stormdragongeneral_gm"},"display":{"head":{"translation":[0.0,-6.4,0.0],"scale":[4.0,4.0,4.0]}}}