{"elements":[{"from":[5.6255426,6.285714,7.5260005],"to":[10.3328,9.618286,16.459145],"rotation":{"angle":0.0,"axis":"y","origin":[8.0,6.285714,11.066857]},"faces":{"east":{"uv":[13.4375,6.5625,12.4375,6.9375],"rotation":0,"texture":"#0","tintindex":0},"south":{"uv":[13.5625,3.6875,14.0625,4.0625],"rotation":0,"texture":"#0","tintindex":0},"north":{"uv":[13.5625,0.3125,14.0625,0.6875],"rotation":0,"texture":"#0","tintindex":0},"west":{"uv":[12.4375,6.5625,13.4375,6.9375],"rotation":0,"texture":"#0","tintindex":0},"up":{"uv":[5.5625,10.875,5.0,9.875],"rotation":0,"texture":"#0","tintindex":0},"down":{"uv":[5.5,10.125,5.0,11.125],"rotation":0,"texture":"#0","tintindex":0}}},{"from":[6.3337145,4.6194286,7.5260005],"to":[9.6662855,7.952,16.459145],"rotation":{"angle":45.0,"axis":"z","origin":[8.0,6.285714,11.066857]},"faces":{"east":{"uv":[12.4375,6.9375,13.4375,7.3125],"rotation":0,"texture":"#0","tintindex":0},"south":{"uv":[13.625,1.0625,14.0,1.4375],"rotation":0,"texture":"#0","tintindex":0},"north":{"uv":[13.625,0.6875,14.0,1.0625],"rotation":0,"texture":"#0","tintindex":0},"west":{"uv":[12.4375,7.3125,13.4375,7.6875],"rotation":0,"texture":"#0","tintindex":0},"up":{"uv":[10.0,13.1875,9.625,12.1875],"rotation":0,"texture":"#0","tintindex":0},"down":{"uv":[7.125,12.5625,6.75,13.5625],"rotation":0,"texture":"#0","tintindex":0}}},{"from":[6.742857,8.876004,8.286],"to":[9.2,11.161718,11.143144],"rotation":{"angle":0.0,"axis":"y","origin":[8.0,7.1617184,-18.285429]},"faces":{"east":{"uv":[14.0625,6.25,14.375,6.5],"rotation":0,"texture":"#0","tintindex":0},"south":{"uv":[13.25,14.1875,13.5,14.4375],"rotation":0,"texture":"#0","tintindex":0},"north":{"uv":[13.0,14.1875,13.25,14.4375],"rotation":0,"texture":"#0","tintindex":0},"west":{"uv":[14.125,2.5625,14.4375,2.8125],"rotation":0,"texture":"#0","tintindex":0},"up":{"uv":[14.375,3.125,14.125,2.8125],"rotation":0,"texture":"#0","tintindex":0},"down":{"uv":[14.375,3.125,14.125,3.4375],"rotation":0,"texture":"#0","tintindex":0}}},{"from":[6.742857,8.133147,11.714572],"to":[9.2,10.418861,15.714573],"rotation":{"angle":22.5,"axis":"x","origin":[7.9714284,10.018862,13.714573]},"faces":{"east":{"uv":[13.9375,7.625,14.375,7.875],"rotation":0,"texture":"#0","tintindex":0},"south":{"uv":[14.25,1.625,14.5,1.875],"rotation":0,"texture":"#0","tintindex":0},"north":{"uv":[14.25,1.0,14.5,1.25],"rotation":0,"texture":"#0","tintindex":0},"west":{"uv":[13.9375,11.6875,14.375,11.9375],"rotation":0,"texture":"#0","tintindex":0},"up":{"uv":[0.5625,14.4375,0.3125,14.0],"rotation":0,"texture":"#0","tintindex":0},"down":{"uv":[0.8125,14.0,0.5625,14.4375],"rotation":0,"texture":"#0","tintindex":0}}},{"from":[6.7684,5.714286,16.459145],"to":[9.189943,8.475429,25.392286],"rotation":{"angle":0.0,"axis":"y","origin":[8.0,6.285714,11.428572]},"faces":{"east":{"uv":[13.8125,1.9375,12.8125,2.25],"rotation":0,"texture":"#0","tintindex":0},"south":{"uv":[6.6875,14.125,6.9375,14.4375],"rotation":0,"texture":"#0","tintindex":0},"north":{"uv":[6.4375,14.125,6.6875,14.4375],"rotation":0,"texture":"#0","tintindex":0},"west":{"uv":[12.8125,1.9375,13.8125,2.25],"rotation":0,"texture":"#0","tintindex":0},"up":{"uv":[1.875,13.875,2.125,12.875],"rotation":0,"texture":"#0","tintindex":0},"down":{"uv":[2.125,12.875,1.875,13.875],"rotation":0,"texture":"#0","tintindex":0}}}],"textures":{"0":"modelengine:entity/stormdragongeneral_gm"},"display":{"head":{"translation":[0.0,-6.4,0.0],"scale":[4.0,4.0,4.0]}}}